id,time_point,amyloid_ratio,years,current_age,sex,education,apoe4,age_at_onset
1,baseline,0.1105487,0,63.1,female,16,carrier,NA
1,time_2,NA,2,63.1,female,16,carrier,NA
1,time_4,0.109325197,4,63.1,female,16,carrier,NA
1,time_6,0.104756131,6,63.1,female,16,carrier,NA
1,time_8,0.107257697,8,63.1,female,16,carrier,NA
2,baseline,0.107481183,0,65.6,female,20,carrier,NA
2,time_2,0.109157373,2,65.6,female,20,carrier,NA
2,time_4,0.109457839,4,65.6,female,20,carrier,NA
2,time_6,0.105729713,6,65.6,female,20,carrier,NA
2,time_8,0.10661845,8,65.6,female,20,carrier,NA
3,baseline,0.106087034,0,62.5,male,16,carrier,66.8
3,time_2,0.108744509,2,62.5,male,16,carrier,66.8
3,time_4,0.106065035,4,62.5,male,16,carrier,66.8
3,time_6,NA,6,62.5,male,16,carrier,66.8
3,time_8,0.106152357,8,62.5,male,16,carrier,66.8
4,baseline,0.109251358,0,69.8,female,16,non_carrier,NA
4,time_2,0.108699686,2,69.8,female,16,non_carrier,NA
4,time_4,0.110540386,4,69.8,female,16,non_carrier,NA
4,time_6,0.107476797,6,69.8,female,16,non_carrier,NA
4,time_8,0.111212209,8,69.8,female,16,non_carrier,NA
5,baseline,0.107950408,0,66,male,16,non_carrier,68.7
5,time_2,0.112273883,2,66,male,16,non_carrier,68.7
5,time_4,0.115139677,4,66,male,16,non_carrier,68.7
5,time_6,0.106606054,6,66,male,16,non_carrier,68.7
5,time_8,0.106052066,8,66,male,16,non_carrier,68.7
6,baseline,0.112426974,0,62.5,male,16,non_carrier,NA
6,time_2,0.112853415,2,62.5,male,16,non_carrier,NA
6,time_4,0.11143945,4,62.5,male,16,non_carrier,NA
6,time_6,0.110279277,6,62.5,male,16,non_carrier,NA
6,time_8,0.114982747,8,62.5,male,16,non_carrier,NA
7,baseline,0.112246391,0,66.5,male,18,non_carrier,74
7,time_2,NA,2,66.5,male,18,non_carrier,74
7,time_4,0.104251905,4,66.5,male,18,non_carrier,74
7,time_6,0.112485583,6,66.5,male,18,non_carrier,74
7,time_8,0.112055612,8,66.5,male,18,non_carrier,74
8,baseline,0.109563372,0,67.2,female,18,non_carrier,NA
8,time_2,0.109470828,2,67.2,female,18,non_carrier,NA
8,time_4,NA,4,67.2,female,18,non_carrier,NA
8,time_6,0.108742168,6,67.2,female,18,non_carrier,NA
8,time_8,0.110268552,8,67.2,female,18,non_carrier,NA
9,baseline,0.112101884,0,66.7,female,16,non_carrier,NA
9,time_2,0.109781199,2,66.7,female,16,non_carrier,NA
9,time_4,0.108832888,4,66.7,female,16,non_carrier,NA
9,time_6,NA,6,66.7,female,16,non_carrier,NA
9,time_8,NA,8,66.7,female,16,non_carrier,NA
10,baseline,0.1116094,0,64.1,female,18,non_carrier,NA
10,time_2,0.111592149,2,64.1,female,18,non_carrier,NA
10,time_4,NA,4,64.1,female,18,non_carrier,NA
10,time_6,NA,6,64.1,female,18,non_carrier,NA
10,time_8,0.110051296,8,64.1,female,18,non_carrier,NA
11,baseline,0.109119335,0,69.5,female,16,non_carrier,NA
11,time_2,0.109316496,2,69.5,female,16,non_carrier,NA
11,time_4,0.1114037,4,69.5,female,16,non_carrier,NA
11,time_6,0.108586573,6,69.5,female,16,non_carrier,NA
11,time_8,0.108993335,8,69.5,female,16,non_carrier,NA
12,baseline,0.112042298,0,66.2,female,18,non_carrier,NA
12,time_2,0.114167481,2,66.2,female,18,non_carrier,NA
12,time_4,0.109859682,4,66.2,female,18,non_carrier,NA
12,time_6,0.106842794,6,66.2,female,18,non_carrier,NA
12,time_8,0.107334106,8,66.2,female,18,non_carrier,NA
13,baseline,0.110300505,0,63.1,male,12,carrier,69
13,time_2,0.108534417,2,63.1,male,12,carrier,69
13,time_4,0.108100808,4,63.1,male,12,carrier,69
13,time_6,0.109229662,6,63.1,male,12,carrier,69
13,time_8,0.104861901,8,63.1,male,12,carrier,69
15,baseline,0.111544948,0,68.4,male,20,non_carrier,NA
15,time_2,NA,2,68.4,male,20,non_carrier,NA
15,time_4,0.110798711,4,68.4,male,20,non_carrier,NA
15,time_6,0.110378192,6,68.4,male,20,non_carrier,NA
15,time_8,0.106742725,8,68.4,male,20,non_carrier,NA
16,baseline,0.110218888,0,64.9,female,16,non_carrier,NA
16,time_2,0.113741328,2,64.9,female,16,non_carrier,NA
16,time_4,0.111101474,4,64.9,female,16,non_carrier,NA
16,time_6,0.108852437,6,64.9,female,16,non_carrier,NA
16,time_8,0.109556166,8,64.9,female,16,non_carrier,NA
17,baseline,0.108399246,0,65,female,18,non_carrier,NA
17,time_2,0.113317542,2,65,female,18,non_carrier,NA
17,time_4,0.105909034,4,65,female,18,non_carrier,NA
17,time_6,0.107196914,6,65,female,18,non_carrier,NA
17,time_8,0.110199133,8,65,female,18,non_carrier,NA
18,baseline,0.114137255,0,67.8,male,16,non_carrier,69.8
18,time_2,0.107093264,2,67.8,male,16,non_carrier,69.8
18,time_4,0.110872562,4,67.8,male,16,non_carrier,69.8
18,time_6,0.108982605,6,67.8,male,16,non_carrier,69.8
18,time_8,0.106873903,8,67.8,male,16,non_carrier,69.8
19,baseline,0.106989637,0,67.5,male,16,carrier,NA
19,time_2,0.105861947,2,67.5,male,16,carrier,NA
19,time_4,0.107371076,4,67.5,male,16,carrier,NA
19,time_6,0.109003799,6,67.5,male,16,carrier,NA
19,time_8,0.102666279,8,67.5,male,16,carrier,NA
20,baseline,0.109546355,0,66.8,male,16,non_carrier,NA
20,time_2,0.114905811,2,66.8,male,16,non_carrier,NA
20,time_4,0.107900402,4,66.8,male,16,non_carrier,NA
20,time_6,0.104254203,6,66.8,male,16,non_carrier,NA
20,time_8,NA,8,66.8,male,16,non_carrier,NA
21,baseline,0.112307333,0,67.8,male,16,non_carrier,NA
21,time_2,NA,2,67.8,male,16,non_carrier,NA
21,time_4,0.108297956,4,67.8,male,16,non_carrier,NA
21,time_6,0.110300812,6,67.8,male,16,non_carrier,NA
21,time_8,0.108506223,8,67.8,male,16,non_carrier,NA
22,baseline,0.109320501,0,67.3,female,20,carrier,74.6
22,time_2,NA,2,67.3,female,20,carrier,74.6
22,time_4,0.107524961,4,67.3,female,20,carrier,74.6
22,time_6,0.106098161,6,67.3,female,20,carrier,74.6
22,time_8,0.105416197,8,67.3,female,20,carrier,74.6
23,baseline,0.114131595,0,65.2,male,18,non_carrier,NA
23,time_2,0.106741733,2,65.2,male,18,non_carrier,NA
23,time_4,NA,4,65.2,male,18,non_carrier,NA
23,time_6,0.107469873,6,65.2,male,18,non_carrier,NA
23,time_8,0.110544536,8,65.2,male,18,non_carrier,NA
24,baseline,0.116402071,0,59,female,12,non_carrier,NA
24,time_2,0.111696923,2,59,female,12,non_carrier,NA
24,time_4,0.110232524,4,59,female,12,non_carrier,NA
24,time_6,0.111166592,6,59,female,12,non_carrier,NA
24,time_8,0.114258539,8,59,female,12,non_carrier,NA
25,baseline,0.112064705,0,66.9,male,16,non_carrier,NA
25,time_2,0.111500661,2,66.9,male,16,non_carrier,NA
25,time_4,NA,4,66.9,male,16,non_carrier,NA
25,time_6,0.108690215,6,66.9,male,16,non_carrier,NA
25,time_8,NA,8,66.9,male,16,non_carrier,NA
26,baseline,0.104749004,0,64.8,female,20,carrier,71.1
26,time_2,0.110171403,2,64.8,female,20,carrier,71.1
26,time_4,0.106128029,4,64.8,female,20,carrier,71.1
26,time_6,0.102036973,6,64.8,female,20,carrier,71.1
26,time_8,0.104994305,8,64.8,female,20,carrier,71.1
27,baseline,0.110989538,0,64.5,female,16,non_carrier,NA
27,time_2,0.106955781,2,64.5,female,16,non_carrier,NA
27,time_4,0.114806616,4,64.5,female,16,non_carrier,NA
27,time_6,0.107115847,6,64.5,female,16,non_carrier,NA
27,time_8,0.105972994,8,64.5,female,16,non_carrier,NA
28,baseline,0.115005658,0,60.6,male,20,non_carrier,NA
28,time_2,0.115655949,2,60.6,male,20,non_carrier,NA
28,time_4,0.112172466,4,60.6,male,20,non_carrier,NA
28,time_6,0.112449191,6,60.6,male,20,non_carrier,NA
28,time_8,0.108843523,8,60.6,male,20,non_carrier,NA
29,baseline,0.115129874,0,63.6,male,16,non_carrier,NA
29,time_2,0.112980122,2,63.6,male,16,non_carrier,NA
29,time_4,0.1118295,4,63.6,male,16,non_carrier,NA
29,time_6,0.112608543,6,63.6,male,16,non_carrier,NA
29,time_8,0.112497893,8,63.6,male,16,non_carrier,NA
30,baseline,0.109311868,0,66.3,female,12,non_carrier,73.1
30,time_2,0.111327152,2,66.3,female,12,non_carrier,73.1
30,time_4,0.107454368,4,66.3,female,12,non_carrier,73.1
30,time_6,0.113914306,6,66.3,female,12,non_carrier,73.1
30,time_8,0.108895642,8,66.3,female,12,non_carrier,73.1
31,baseline,0.109918477,0,69.1,female,12,non_carrier,NA
31,time_2,0.108271983,2,69.1,female,12,non_carrier,NA
31,time_4,0.108206771,4,69.1,female,12,non_carrier,NA
31,time_6,0.105681631,6,69.1,female,12,non_carrier,NA
31,time_8,0.107525141,8,69.1,female,12,non_carrier,NA
32,baseline,0.113900561,0,64.7,male,16,non_carrier,NA
32,time_2,0.110762481,2,64.7,male,16,non_carrier,NA
32,time_4,0.109443041,4,64.7,male,16,non_carrier,NA
32,time_6,0.107025688,6,64.7,male,16,non_carrier,NA
32,time_8,0.11116698,8,64.7,male,16,non_carrier,NA
33,baseline,0.11282421,0,66.2,male,18,non_carrier,NA
33,time_2,0.110933268,2,66.2,male,18,non_carrier,NA
33,time_4,Na,4,66.2,male,18,non_carrier,NA
33,time_6,0.110644516,6,66.2,male,18,non_carrier,NA
33,time_8,0.106447411,8,66.2,male,18,non_carrier,NA
34,baseline,0.104993684,0,64.8,female,16,carrier,NA
34,time_2,0.104423118,2,64.8,female,16,carrier,NA
34,time_4,NA,4,64.8,female,16,carrier,NA
34,time_6,0.107896181,6,64.8,female,16,carrier,NA
34,time_8,0.107087733,8,64.8,female,16,carrier,NA
35,baseline,0.111469634,0,60.9,female,12,non_carrier,NA
35,time_2,0.11528595,2,60.9,female,12,non_carrier,NA
35,time_4,0.108868436,4,60.9,female,12,non_carrier,NA
35,time_6,0.109639633,6,60.9,female,12,non_carrier,NA
35,time_8,0.108461387,8,60.9,female,12,non_carrier,NA
36,baseline,0.113243449,0,63.8,male,16,non_carrier,NA
36,time_2,0.108346174,2,63.8,male,16,non_carrier,NA
36,time_4,0.114211489,4,63.8,male,16,non_carrier,NA
36,time_6,0.113578691,6,63.8,male,16,non_carrier,NA
36,time_8,0.112382504,8,63.8,male,16,non_carrier,NA
37,baseline,0.112698425,0,63.8,male,16,non_carrier,NA
37,time_2,0.114833189,2,63.8,male,16,non_carrier,NA
37,time_4,0.112628096,4,63.8,male,16,non_carrier,NA
37,time_6,0.113016322,6,63.8,male,16,non_carrier,NA
37,time_8,0.110599009,8,63.8,male,16,non_carrier,NA
38,baseline,0.112078587,0,64.8,female,18,non_carrier,NA
38,time_2,0.106174978,2,64.8,female,18,non_carrier,NA
38,time_4,0.108917893,4,64.8,female,18,non_carrier,NA
38,time_6,0.111679794,6,64.8,female,18,non_carrier,NA
38,time_8,0.109003574,8,64.8,female,18,non_carrier,NA
39,baseline,0.104426255,0,68.3,female,16,carrier,70.2
39,time_2,NA,2,68.3,female,16,carrier,70.2
39,time_4,0.103901084,4,68.3,female,16,carrier,70.2
39,time_6,0.108309492,6,68.3,female,16,carrier,70.2
39,time_8,0.10220325,8,68.3,female,16,carrier,70.2
40,baseline,0.110273161,0,67.3,male,16,non_carrier,NA
40,time_2,0.106484944,2,67.3,male,16,non_carrier,NA
40,time_4,0.10625245,4,67.3,male,16,non_carrier,NA
40,time_6,0.112426569,6,67.3,male,16,non_carrier,NA
40,time_8,0.107214432,8,67.3,male,16,non_carrier,NA
41,baseline,0.116358895,0,64.5,male,16,non_carrier,NA
41,time_2,0.11123813,2,64.5,male,16,non_carrier,NA
41,time_4,0.106242805,4,64.5,male,16,non_carrier,NA
41,time_6,0.115597605,6,64.5,male,16,non_carrier,NA
41,time_8,NA,8,64.5,male,16,non_carrier,NA
42,baseline,0.111611943,0,64.2,male,16,non_carrier,NA
42,time_2,0.112288748,2,64.2,male,16,non_carrier,NA
42,time_4,0.1111357,4,64.2,male,16,non_carrier,NA
42,time_6,0.107423818,6,64.2,male,16,non_carrier,NA
42,time_8,0.106798468,8,64.2,male,16,non_carrier,NA
43,baseline,0.110428403,0,67.1,female,16,carrier,71.6
43,time_2,0.105244566,2,67.1,female,16,carrier,71.6
43,time_4,NA,4,67.1,female,16,carrier,71.6
43,time_6,0.108647685,6,67.1,female,16,carrier,71.6
43,time_8,0.102142812,8,67.1,female,16,carrier,71.6
44,baseline,0.11033457,0,66.7,male,20,non_carrier,NA
44,time_2,0.106889675,2,66.7,male,20,non_carrier,NA
44,time_4,0.114852972,4,66.7,male,20,non_carrier,NA
44,time_6,0.108259502,6,66.7,male,20,non_carrier,NA
44,time_8,0.108429063,8,66.7,male,20,non_carrier,NA
45,baseline,0.106887426,0,62.9,male,20,carrier,65.2
45,time_2,0.110818579,2,62.9,male,20,carrier,65.2
45,time_4,0.111516749,4,62.9,male,20,carrier,65.2
45,time_6,0.107179289,6,62.9,male,20,carrier,65.2
45,time_8,0.10457923,8,62.9,male,20,carrier,65.2
46,baseline,0.109471438,0,62.9,male,16,non_carrier,NA
46,time_2,0.115916407,2,62.9,male,16,non_carrier,NA
46,time_4,0.113395876,4,62.9,male,16,non_carrier,NA
46,time_6,0.111078341,6,62.9,male,16,non_carrier,NA
46,time_8,0.113198416,8,62.9,male,16,non_carrier,NA
47,baseline,0.110545321,0,66.1,female,12,carrier,NA
47,time_2,0.106081847,2,66.1,female,12,carrier,NA
47,time_4,NA,4,66.1,female,12,carrier,NA
47,time_6,0.107847761,6,66.1,female,12,carrier,NA
47,time_8,0.10662516,8,66.1,female,12,carrier,NA
48,baseline,0.110589751,0,67.3,male,16,non_carrier,NA
48,time_2,0.118265809,2,67.3,male,16,non_carrier,NA
48,time_4,0.104885905,4,67.3,male,16,non_carrier,NA
48,time_6,0.109693764,6,67.3,male,16,non_carrier,NA
48,time_8,0.111567623,8,67.3,male,16,non_carrier,NA
50,baseline,0.107169039,0,67.6,female,18,carrier,NA
50,time_2,0.10473295,2,67.6,female,18,carrier,NA
50,time_4,0.108557518,4,67.6,female,18,carrier,NA
50,time_6,0.104577694,6,67.6,female,18,carrier,NA
50,time_8,0.104070382,8,67.6,female,18,carrier,NA
51,baseline,0.112642382,0,66.2,male,16,non_carrier,NA
51,time_2,0.111428735,2,66.2,male,16,non_carrier,NA
51,time_4,NA,4,66.2,male,16,non_carrier,NA
51,time_6,0.109139703,6,66.2,male,16,non_carrier,NA
51,time_8,0.110763947,8,66.2,male,16,non_carrier,NA
52,baseline,0.111360375,0,63.2,female,16,carrier,NA
52,time_2,NA,2,63.2,female,16,carrier,NA
52,time_4,0.105968742,4,63.2,female,16,carrier,NA
52,time_6,0.101625243,6,63.2,female,16,carrier,NA
52,time_8,0.108211349,8,63.2,female,16,carrier,NA
53,baseline,0.112152275,0,66,male,20,non_carrier,NA
53,time_2,0.11324751,2,66,male,20,non_carrier,NA
53,time_4,0.109562093,4,66,male,20,non_carrier,NA
53,time_6,0.110612356,6,66,male,20,non_carrier,NA
53,time_8,0.111641956,8,66,male,20,non_carrier,NA
54,baseline,0.1119746,0,61.6,female,16,non_carrier,NA
54,time_2,0.113741518,2,61.6,female,16,non_carrier,NA
54,time_4,0.112621732,4,61.6,female,16,non_carrier,NA
54,time_6,0.107033715,6,61.6,female,16,non_carrier,NA
54,time_8,0.110514169,8,61.6,female,16,non_carrier,NA
55,baseline,0.101507799,0,69.3,female,16,carrier,73.6
55,time_2,0.105455229,2,69.3,female,16,carrier,73.6
55,time_4,0.104251537,4,69.3,female,16,carrier,73.6
55,time_6,0.106088762,6,69.3,female,16,carrier,73.6
55,time_8,0.103609078,8,69.3,female,16,carrier,73.6
56,baseline,0.109192332,0,70.9,male,20,non_carrier,NA
56,time_2,0.109498539,2,70.9,male,20,non_carrier,NA
56,time_4,0.109589217,4,70.9,male,20,non_carrier,NA
56,time_6,0.106356285,6,70.9,male,20,non_carrier,NA
56,time_8,0.106426905,8,70.9,male,20,non_carrier,NA
57,baseline,0.108984035,0,63.9,female,16,non_carrier,NA
57,time_2,0.107700573,2,63.9,female,16,non_carrier,NA
57,time_4,0.109241877,4,63.9,female,16,non_carrier,NA
57,time_6,NA,6,63.9,female,16,non_carrier,NA
57,time_8,0.105709243,8,63.9,female,16,non_carrier,NA
58,baseline,0.114595933,0,61.9,male,12,non_carrier,NA
58,time_2,0.111352261,2,61.9,male,12,non_carrier,NA
58,time_4,0.112874539,4,61.9,male,12,non_carrier,NA
58,time_6,0.111821774,6,61.9,male,12,non_carrier,NA
58,time_8,0.110010365,8,61.9,male,12,non_carrier,NA
59,baseline,0.103415696,0,66.7,female,20,carrier,74.4
59,time_2,0.10351346,2,66.7,female,20,carrier,74.4
59,time_4,0.100971886,4,66.7,female,20,carrier,74.4
59,time_6,0.108515848,6,66.7,female,20,carrier,74.4
59,time_8,0.104119779,8,66.7,female,20,carrier,74.4
60,baseline,0.117059602,0,64.6,male,18,non_carrier,NA
60,time_2,0.108726723,2,64.6,male,18,non_carrier,NA
60,time_4,0.114616686,4,64.6,male,18,non_carrier,NA
60,time_6,0.113010154,6,64.6,male,18,non_carrier,NA
60,time_8,0.108289209,8,64.6,male,18,non_carrier,NA
61,baseline,0.111657594,0,72.2,male,16,non_carrier,NA
61,time_2,0.110695476,2,72.2,male,16,non_carrier,NA
61,time_4,0.108442578,4,72.2,male,16,non_carrier,NA
61,time_6,0.111418671,6,72.2,male,16,non_carrier,NA
61,time_8,0.106864815,8,72.2,male,16,non_carrier,NA
62,baseline,0.116002304,0,64.9,female,18,non_carrier,NA
62,time_2,0.108109054,2,64.9,female,18,non_carrier,NA
62,time_4,0.112990262,4,64.9,female,18,non_carrier,NA
62,time_6,0.108264264,6,64.9,female,18,non_carrier,NA
62,time_8,0.109523624,8,64.9,female,18,non_carrier,NA
63,baseline,0.110500693,0,67.1,female,20,non_carrier,NA
63,time_2,0.10970472,2,67.1,female,20,non_carrier,NA
63,time_4,0.109146796,4,67.1,female,20,non_carrier,NA
63,time_6,0.110698585,6,67.1,female,20,non_carrier,NA
63,time_8,0.108102955,8,67.1,female,20,non_carrier,NA
64,baseline,0.112127194,0,65.1,male,16,carrier,NA
64,time_2,0.1087145,2,65.1,male,16,carrier,NA
64,time_4,0.108195677,4,65.1,male,16,carrier,NA
64,time_6,0.107059598,6,65.1,male,16,carrier,NA
64,time_8,0.105631869,8,65.1,male,16,carrier,NA
65,baseline,0.11256305,0,62.8,female,16,non_carrier,66.5
65,time_2,0.11366025,2,62.8,female,16,non_carrier,66.5
65,time_4,0.112475164,4,62.8,female,16,non_carrier,66.5
65,time_6,0.111539121,6,62.8,female,16,non_carrier,66.5
65,time_8,0.111844573,8,62.8,female,16,non_carrier,66.5
66,baseline,0.111954901,0,65.6,female,20,non_carrier,NA
66,time_2,0.110838014,2,65.6,female,20,non_carrier,NA
66,time_4,0.113296815,4,65.6,female,20,non_carrier,NA
66,time_6,0.10903554,6,65.6,female,20,non_carrier,NA
66,time_8,0.106355888,8,65.6,female,20,non_carrier,NA
67,baseline,0.11229141,0,59.6,male,18,non_carrier,64.2
67,time_2,NA,2,59.6,male,18,non_carrier,64.2
67,time_4,0.109758184,4,59.6,male,18,non_carrier,64.2
67,time_6,NA,6,59.6,male,18,non_carrier,64.2
67,time_8,0.109166863,8,59.6,male,18,non_carrier,64.2
68,baseline,0.113514969,0,69.4,male,20,non_carrier,NA
68,time_2,0.11572734,2,69.4,male,20,non_carrier,NA
68,time_4,0.10879763,4,69.4,male,20,non_carrier,NA
68,time_6,0.109832607,6,69.4,male,20,non_carrier,NA
68,time_8,0.107130682,8,69.4,male,20,non_carrier,NA
69,baseline,0.114392996,0,65.5,female,20,carrier,72.5
69,time_2,0.104970251,2,65.5,female,20,carrier,72.5
69,time_4,0.109161136,4,65.5,female,20,carrier,72.5
69,time_6,0.107839858,6,65.5,female,20,carrier,72.5
69,time_8,0.107005326,8,65.5,female,20,carrier,72.5
70,baseline,0.11258955,0,71.5,male,16,non_carrier,NA
70,time_2,0.110998288,2,71.5,male,16,non_carrier,NA
70,time_4,0.110323734,4,71.5,male,16,non_carrier,NA
70,time_6,0.106420417,6,71.5,male,16,non_carrier,NA
70,time_8,0.108667851,8,71.5,male,16,non_carrier,NA
71,baseline,0.111170052,0,66.4,male,16,non_carrier,NA
71,time_2,0.117843678,2,66.4,male,16,non_carrier,NA
71,time_4,0.112303289,4,66.4,male,16,non_carrier,NA
71,time_6,0.111873152,6,66.4,male,16,non_carrier,NA
71,time_8,0.104601954,8,66.4,male,16,non_carrier,NA
73,baseline,NA,0,66.8,female,18,non_carrier,NA
73,time_2,0.109440795,2,66.8,female,18,non_carrier,NA
73,time_4,0.112072561,4,66.8,female,18,non_carrier,NA
73,time_6,0.104290102,6,66.8,female,18,non_carrier,NA
73,time_8,0.107973912,8,66.8,female,18,non_carrier,NA
74,baseline,0.11199154,0,62.2,male,20,carrier,NA
74,time_2,0.111793054,2,62.2,male,20,carrier,NA
74,time_4,0.108314413,4,62.2,male,20,carrier,NA
74,time_6,0.107177142,6,62.2,male,20,carrier,NA
74,time_8,0.107072996,8,62.2,male,20,carrier,NA
75,baseline,0.108368094,0,61.2,female,16,carrier,65.4
75,time_2,0.10773377,2,61.2,female,16,carrier,65.4
75,time_4,0.105117512,4,61.2,female,16,carrier,65.4
75,time_6,0.106359342,6,61.2,female,16,carrier,65.4
75,time_8,0.105999842,8,61.2,female,16,carrier,65.4
76,baseline,0.110931307,0,65.9,male,12,non_carrier,68
76,time_2,0.109048068,2,65.9,male,12,non_carrier,68
76,time_4,0.106670279,4,65.9,male,12,non_carrier,68
76,time_6,0.10805051,6,65.9,male,12,non_carrier,68
76,time_8,0.111364424,8,65.9,male,12,non_carrier,68
77,baseline,0.107284617,0,63.7,female,18,carrier,66.4
77,time_2,0.106476261,2,63.7,female,18,carrier,66.4
77,time_4,0.112886515,4,63.7,female,18,carrier,66.4
77,time_6,0.101454474,6,63.7,female,18,carrier,66.4
77,time_8,0.10454377,8,63.7,female,18,carrier,66.4
78,baseline,0.113982537,0,65,male,16,non_carrier,68
78,time_2,0.110739736,2,65,male,16,non_carrier,68
78,time_4,0.113457585,4,65,male,16,non_carrier,68
78,time_6,0.111259357,6,65,male,16,non_carrier,68
78,time_8,0.108290955,8,65,male,16,non_carrier,68
79,baseline,0.109816232,0,65.2,male,16,non_carrier,NA
79,time_2,0.112462775,2,65.2,male,16,non_carrier,NA
79,time_4,0.110359103,4,65.2,male,16,non_carrier,NA
79,time_6,0.108465947,6,65.2,male,16,non_carrier,NA
79,time_8,0.110077079,8,65.2,male,16,non_carrier,NA
80,baseline,0.114404744,0,63.2,male,20,non_carrier,NA
80,time_2,0.112232425,2,63.2,male,20,non_carrier,NA
80,time_4,0.113650805,4,63.2,male,20,non_carrier,NA
80,time_6,0.105629175,6,63.2,male,20,non_carrier,NA
80,time_8,0.112047717,8,63.2,male,20,non_carrier,NA
81,baseline,0.111769129,0,63.3,male,16,non_carrier,NA
81,time_2,0.113022403,2,63.3,male,16,non_carrier,NA
81,time_4,0.11429784,4,63.3,male,16,non_carrier,NA
81,time_6,0.111346443,6,63.3,male,16,non_carrier,NA
81,time_8,0.110568342,8,63.3,male,16,non_carrier,NA
82,baseline,0.106842105,0,64.6,male,12,non_carrier,NA
82,time_2,0.109246944,2,64.6,male,12,non_carrier,NA
82,time_4,0.112949219,4,64.6,male,12,non_carrier,NA
82,time_6,0.107515672,6,64.6,male,12,non_carrier,NA
82,time_8,0.109695421,8,64.6,male,12,non_carrier,NA
83,baseline,0.110867514,0,68.5,female,12,non_carrier,NA
83,time_2,0.108763415,2,68.5,female,12,non_carrier,NA
83,time_4,0.107042979,4,68.5,female,12,non_carrier,NA
83,time_6,0.105112564,6,68.5,female,12,non_carrier,NA
83,time_8,0.108152289,8,68.5,female,12,non_carrier,NA
84,baseline,0.109772289,0,60.4,male,20,non_carrier,NA
84,time_2,0.111280123,2,60.4,male,20,non_carrier,NA
84,time_4,0.112429218,4,60.4,male,20,non_carrier,NA
84,time_6,0.109864808,6,60.4,male,20,non_carrier,NA
84,time_8,0.110974151,8,60.4,male,20,non_carrier,NA
85,baseline,0.112680791,0,66.8,female,16,non_carrier,NA
85,time_2,0.110136142,2,66.8,female,16,non_carrier,NA
85,time_4,0.109738529,4,66.8,female,16,non_carrier,NA
85,time_6,0.112317873,6,66.8,female,16,non_carrier,NA
85,time_8,NA,8,66.8,female,16,non_carrier,NA
86,baseline,0.108360583,0,66,female,18,carrier,71.7
86,time_2,0.102932875,2,66,female,18,carrier,71.7
86,time_4,0.106523976,4,66,female,18,carrier,71.7
86,time_6,0.104131568,6,66,female,18,carrier,71.7
86,time_8,0.101939043,8,66,female,18,carrier,71.7
87,baseline,0.113658986,0,68.2,male,18,non_carrier,76
87,time_2,0.110688998,2,68.2,male,18,non_carrier,76
87,time_4,0.112175174,4,68.2,male,18,non_carrier,76
87,time_6,0.107445684,6,68.2,male,18,non_carrier,76
87,time_8,0.103597297,8,68.2,male,18,non_carrier,76
88,baseline,0.113149962,0,64.1,male,16,non_carrier,NA
88,time_2,0.114242052,2,64.1,male,16,non_carrier,NA
88,time_4,0.117254569,4,64.1,male,16,non_carrier,NA
88,time_6,NA,6,64.1,male,16,non_carrier,NA
88,time_8,0.112467469,8,64.1,male,16,non_carrier,NA
89,baseline,0.106393057,0,66.1,female,16,carrier,66.2
89,time_2,0.10721245,2,66.1,female,16,carrier,66.2
89,time_4,NA,4,66.1,female,16,carrier,66.2
89,time_6,0.104814949,6,66.1,female,16,carrier,66.2
89,time_8,0.100291816,8,66.1,female,16,carrier,66.2
90,baseline,0.111350211,0,65.8,male,16,non_carrier,NA
90,time_2,0.108327816,2,65.8,male,16,non_carrier,NA
90,time_4,0.110971204,4,65.8,male,16,non_carrier,NA
90,time_6,0.111208231,6,65.8,male,16,non_carrier,NA
90,time_8,0.109673371,8,65.8,male,16,non_carrier,NA
91,baseline,0.108286598,0,63.4,male,16,carrier,NA
91,time_2,0.108503416,2,63.4,male,16,carrier,NA
91,time_4,0.104867456,4,63.4,male,16,carrier,NA
91,time_6,0.107243697,6,63.4,male,16,carrier,NA
91,time_8,0.103342003,8,63.4,male,16,carrier,NA
93,baseline,0.107302948,0,68.5,male,16,carrier,NA
93,time_2,0.10815066,2,68.5,male,16,carrier,NA
93,time_4,0.102894277,4,68.5,male,16,carrier,NA
93,time_6,0.107999958,6,68.5,male,16,carrier,NA
93,time_8,0.10394613,8,68.5,male,16,carrier,NA
94,baseline,0.11389369,0,67.1,male,16,non_carrier,NA
94,time_2,Na,2,67.1,male,16,non_carrier,NA
94,time_4,0.113000849,4,67.1,male,16,non_carrier,NA
94,time_6,0.10867866,6,67.1,male,16,non_carrier,NA
94,time_8,0.112277473,8,67.1,male,16,non_carrier,NA
95,baseline,0.109724039,0,69.8,female,16,non_carrier,NA
95,time_2,0.107726306,2,69.8,female,16,non_carrier,NA
95,time_4,0.109543387,4,69.8,female,16,non_carrier,NA
95,time_6,NA,6,69.8,female,16,non_carrier,NA
95,time_8,0.105829673,8,69.8,female,16,non_carrier,NA
96,baseline,0.10882737,0,66.7,female,16,non_carrier,NA
96,time_2,0.115567697,2,66.7,female,16,non_carrier,NA
96,time_4,0.107410972,4,66.7,female,16,non_carrier,NA
96,time_6,0.110039381,6,66.7,female,16,non_carrier,NA
96,time_8,0.107708336,8,66.7,female,16,non_carrier,NA
97,baseline,0.111474758,0,61.2,male,16,non_carrier,NA
97,time_2,0.109985821,2,61.2,male,16,non_carrier,NA
97,time_4,0.109112853,4,61.2,male,16,non_carrier,NA
97,time_6,0.108639427,6,61.2,male,16,non_carrier,NA
97,time_8,0.107794924,8,61.2,male,16,non_carrier,NA
98,baseline,0.110120828,0,63.3,female,16,carrier,NA
98,time_2,0.107460146,2,63.3,female,16,carrier,NA
98,time_4,0.111702393,4,63.3,female,16,carrier,NA
98,time_6,0.108042001,6,63.3,female,16,carrier,NA
98,time_8,NA,8,63.3,female,16,carrier,NA
99,baseline,0.113739376,0,61.3,female,20,non_carrier,NA
99,time_2,0.113836662,2,61.3,female,20,non_carrier,NA
99,time_4,0.112302961,4,61.3,female,20,non_carrier,NA
99,time_6,0.10970711,6,61.3,female,20,non_carrier,NA
99,time_8,0.111980619,8,61.3,female,20,non_carrier,NA
100,baseline,0.111809236,0,63.6,female,16,non_carrier,NA
100,time_2,0.113480494,2,63.6,female,16,non_carrier,NA
100,time_4,0.108741417,4,63.6,female,16,non_carrier,NA
100,time_6,0.112060616,6,63.6,female,16,non_carrier,NA
100,time_8,0.108496272,8,63.6,female,16,non_carrier,NA
101,baseline,0.110027715,0,63.1,female,16,non_carrier,NA
101,time_2,0.107126479,2,63.1,female,16,non_carrier,NA
101,time_4,0.114302597,4,63.1,female,16,non_carrier,NA
101,time_6,NA,6,63.1,female,16,non_carrier,NA
101,time_8,0.109217169,8,63.1,female,16,non_carrier,NA
102,baseline,0.114021113,0,65.1,male,16,non_carrier,NA
102,time_2,0.111891046,2,65.1,male,16,non_carrier,NA
102,time_4,NA,4,65.1,male,16,non_carrier,NA
102,time_6,0.105846926,6,65.1,male,16,non_carrier,NA
102,time_8,0.109321568,8,65.1,male,16,non_carrier,NA
103,baseline,0.112685364,0,62.3,male,16,non_carrier,NA
103,time_2,0.110353689,2,62.3,male,16,non_carrier,NA
103,time_4,0.11297875,4,62.3,male,16,non_carrier,NA
103,time_6,0.110669275,6,62.3,male,16,non_carrier,NA
103,time_8,0.112546477,8,62.3,male,16,non_carrier,NA
104,baseline,0.115247354,0,65.5,male,12,non_carrier,NA
104,time_2,0.110250294,2,65.5,male,12,non_carrier,NA
104,time_4,0.109044095,4,65.5,male,12,non_carrier,NA
104,time_6,0.11062238,6,65.5,male,12,non_carrier,NA
104,time_8,0.112816101,8,65.5,male,12,non_carrier,NA
105,baseline,0.109296054,0,63,male,20,non_carrier,NA
105,time_2,0.110609633,2,63,male,20,non_carrier,NA
105,time_4,0.110215796,4,63,male,20,non_carrier,NA
105,time_6,0.11197232,6,63,male,20,non_carrier,NA
105,time_8,0.11586455,8,63,male,20,non_carrier,NA
106,baseline,0.105380438,0,70.3,female,16,carrier,74.8
106,time_2,0.104828457,2,70.3,female,16,carrier,74.8
106,time_4,NA,4,70.3,female,16,carrier,74.8
106,time_6,0.101852464,6,70.3,female,16,carrier,74.8
106,time_8,0.104347845,8,70.3,female,16,carrier,74.8
107,baseline,0.106831077,0,67.2,male,16,carrier,NA
107,time_2,0.106743189,2,67.2,male,16,carrier,NA
107,time_4,0.106388181,4,67.2,male,16,carrier,NA
107,time_6,0.106368477,6,67.2,male,16,carrier,NA
107,time_8,0.109349326,8,67.2,male,16,carrier,NA
108,baseline,0.114386093,0,67.7,male,16,non_carrier,NA
108,time_2,0.115448793,2,67.7,male,16,non_carrier,NA
108,time_4,0.106225786,4,67.7,male,16,non_carrier,NA
108,time_6,0.108570637,6,67.7,male,16,non_carrier,NA
108,time_8,0.111220793,8,67.7,male,16,non_carrier,NA
109,baseline,0.107026721,0,66.2,female,16,carrier,68.4
109,time_2,0.107718021,2,66.2,female,16,carrier,68.4
109,time_4,0.104457501,4,66.2,female,16,carrier,68.4
109,time_6,0.100723304,6,66.2,female,16,carrier,68.4
109,time_8,0.100848092,8,66.2,female,16,carrier,68.4
110,baseline,0.11508839,0,70,male,16,non_carrier,NA
110,time_2,0.109565612,2,70,male,16,non_carrier,NA
110,time_4,0.113467325,4,70,male,16,non_carrier,NA
110,time_6,0.110730718,6,70,male,16,non_carrier,NA
110,time_8,0.109706311,8,70,male,16,non_carrier,NA
111,baseline,0.116854074,0,63.1,male,16,non_carrier,NA
111,time_2,0.108924187,2,63.1,male,16,non_carrier,NA
111,time_4,NA,4,63.1,male,16,non_carrier,NA
111,time_6,0.11040878,6,63.1,male,16,non_carrier,NA
111,time_8,0.108420012,8,63.1,male,16,non_carrier,NA
112,baseline,0.111255089,0,63.6,female,18,non_carrier,NA
112,time_2,0.106622887,2,63.6,female,18,non_carrier,NA
112,time_4,0.107405587,4,63.6,female,18,non_carrier,NA
112,time_6,0.111182267,6,63.6,female,18,non_carrier,NA
112,time_8,0.109703985,8,63.6,female,18,non_carrier,NA
113,baseline,0.110601602,0,69.3,male,16,carrier,NA
113,time_2,0.106395652,2,69.3,male,16,carrier,NA
113,time_4,0.105653459,4,69.3,male,16,carrier,NA
113,time_6,0.104944529,6,69.3,male,16,carrier,NA
113,time_8,0.103201994,8,69.3,male,16,carrier,NA
114,baseline,0.109260791,0,63,female,18,carrier,NA
114,time_2,0.105549252,2,63,female,18,carrier,NA
114,time_4,0.108490992,4,63,female,18,carrier,NA
114,time_6,0.106399534,6,63,female,18,carrier,NA
114,time_8,0.107797014,8,63,female,18,carrier,NA
115,baseline,0.114378624,0,64.4,female,20,non_carrier,NA
115,time_2,0.109972567,2,64.4,female,20,non_carrier,NA
115,time_4,0.109285194,4,64.4,female,20,non_carrier,NA
115,time_6,0.10946718,6,64.4,female,20,non_carrier,NA
115,time_8,0.107488455,8,64.4,female,20,non_carrier,NA
116,baseline,0.116560093,0,63.8,male,20,non_carrier,NA
116,time_2,0.112065311,2,63.8,male,20,non_carrier,NA
116,time_4,0.113491941,4,63.8,male,20,non_carrier,NA
116,time_6,0.11171185,6,63.8,male,20,non_carrier,NA
116,time_8,0.113371387,8,63.8,male,20,non_carrier,NA
117,baseline,0.109024731,0,64,male,18,carrier,NA
117,time_2,0.103151047,2,64,male,18,carrier,NA
117,time_4,0.10950157,4,64,male,18,carrier,NA
117,time_6,0.105328335,6,64,male,18,carrier,NA
117,time_8,0.107953773,8,64,male,18,carrier,NA
118,baseline,0.10623753,0,64.2,female,16,carrier,NA
118,time_2,0.107475814,2,64.2,female,16,carrier,NA
118,time_4,0.105855583,4,64.2,female,16,carrier,NA
118,time_6,0.105872981,6,64.2,female,16,carrier,NA
118,time_8,0.104382242,8,64.2,female,16,carrier,NA
119,baseline,0.109791068,0,66.5,male,16,non_carrier,NA
119,time_2,0.11174097,2,66.5,male,16,non_carrier,NA
119,time_4,0.107977703,4,66.5,male,16,non_carrier,NA
119,time_6,0.109350074,6,66.5,male,16,non_carrier,NA
119,time_8,0.108662675,8,66.5,male,16,non_carrier,NA
120,baseline,0.106856079,0,64.5,female,20,carrier,72.2
120,time_2,0.111398319,2,64.5,female,20,carrier,72.2
120,time_4,0.103014244,4,64.5,female,20,carrier,72.2
120,time_6,0.106365255,6,64.5,female,20,carrier,72.2
120,time_8,0.103045743,8,64.5,female,20,carrier,72.2
121,baseline,0.109994928,0,63.5,male,18,non_carrier,NA
121,time_2,0.112206524,2,63.5,male,18,non_carrier,NA
121,time_4,0.116631,4,63.5,male,18,non_carrier,NA
121,time_6,0.114170985,6,63.5,male,18,non_carrier,NA
121,time_8,0.11071067,8,63.5,male,18,non_carrier,NA
122,baseline,0.108602738,0,69,female,16,non_carrier,NA
122,time_2,0.113932534,2,69,female,16,non_carrier,NA
122,time_4,0.108209099,4,69,female,16,non_carrier,NA
122,time_6,0.106157812,6,69,female,16,non_carrier,NA
122,time_8,0.104543774,8,69,female,16,non_carrier,NA
123,baseline,0.108080327,0,64.4,male,18,carrier,67.4
123,time_2,0.112383506,2,64.4,male,18,carrier,67.4
123,time_4,0.11008691,4,64.4,male,18,carrier,67.4
123,time_6,0.107630692,6,64.4,male,18,carrier,67.4
123,time_8,0.101780509,8,64.4,male,18,carrier,67.4
124,baseline,0.110921697,0,64.5,female,16,non_carrier,NA
124,time_2,0.113305901,2,64.5,female,16,non_carrier,NA
124,time_4,0.109506095,4,64.5,female,16,non_carrier,NA
124,time_6,NA,6,64.5,female,16,non_carrier,NA
124,time_8,0.108994442,8,64.5,female,16,non_carrier,NA
125,baseline,0.106641138,0,64.7,female,18,carrier,NA
125,time_2,0.106757629,2,64.7,female,18,carrier,NA
125,time_4,0.112118455,4,64.7,female,18,carrier,NA
125,time_6,0.107412383,6,64.7,female,18,carrier,NA
125,time_8,NA,8,64.7,female,18,carrier,NA
126,baseline,0.110768749,0,67.1,female,20,non_carrier,NA
126,time_2,0.10899961,2,67.1,female,20,non_carrier,NA
126,time_4,0.110787402,4,67.1,female,20,non_carrier,NA
126,time_6,0.10550369,6,67.1,female,20,non_carrier,NA
126,time_8,0.111256569,8,67.1,female,20,non_carrier,NA
127,baseline,0.112047183,0,64.8,male,16,non_carrier,NA
127,time_2,0.105310088,2,64.8,male,16,non_carrier,NA
127,time_4,0.109286554,4,64.8,male,16,non_carrier,NA
127,time_6,0.109626315,6,64.8,male,16,non_carrier,NA
127,time_8,0.11433579,8,64.8,male,16,non_carrier,NA
128,baseline,0.112333877,0,64.9,male,12,non_carrier,NA
128,time_2,0.108568217,2,64.9,male,12,non_carrier,NA
128,time_4,0.110533413,4,64.9,male,12,non_carrier,NA
128,time_6,0.108530887,6,64.9,male,12,non_carrier,NA
128,time_8,0.106439307,8,64.9,male,12,non_carrier,NA
129,baseline,0.111652233,0,63,male,16,non_carrier,NA
129,time_2,0.108378745,2,63,male,16,non_carrier,NA
129,time_4,0.117970399,4,63,male,16,non_carrier,NA
129,time_6,NA,6,63,male,16,non_carrier,NA
129,time_8,0.11186096,8,63,male,16,non_carrier,NA
130,baseline,0.106989065,0,64,male,18,carrier,NA
130,time_2,NA,2,64,male,18,carrier,NA
130,time_4,0.109311089,4,64,male,18,carrier,NA
130,time_6,0.105528678,6,64,male,18,carrier,NA
130,time_8,0.106655128,8,64,male,18,carrier,NA
131,baseline,0.110405798,0,65.2,female,12,non_carrier,NA
131,time_2,0.113509815,2,65.2,female,12,non_carrier,NA
131,time_4,0.109604924,4,65.2,female,12,non_carrier,NA
131,time_6,0.111704822,6,65.2,female,12,non_carrier,NA
131,time_8,0.110250155,8,65.2,female,12,non_carrier,NA
132,baseline,0.10908984,0,63.2,male,16,carrier,66
132,time_2,0.108979186,2,63.2,male,16,carrier,66
132,time_4,0.106198191,4,63.2,male,16,carrier,66
132,time_6,0.105698988,6,63.2,male,16,carrier,66
132,time_8,0.102579378,8,63.2,male,16,carrier,66
133,baseline,0.110993066,0,66.6,male,18,non_carrier,NA
133,time_2,0.110460449,2,66.6,male,18,non_carrier,NA
133,time_4,0.110122531,4,66.6,male,18,non_carrier,NA
133,time_6,0.115577617,6,66.6,male,18,non_carrier,NA
133,time_8,0.109602344,8,66.6,male,18,non_carrier,NA
134,baseline,0.107447162,0,60.4,male,16,carrier,NA
134,time_2,0.112071846,2,60.4,male,16,carrier,NA
134,time_4,0.108722076,4,60.4,male,16,carrier,NA
134,time_6,0.111803485,6,60.4,male,16,carrier,NA
134,time_8,0.108162058,8,60.4,male,16,carrier,NA
135,baseline,0.115837765,0,65.9,male,16,non_carrier,NA
135,time_2,0.111465011,2,65.9,male,16,non_carrier,NA
135,time_4,0.109640025,4,65.9,male,16,non_carrier,NA
135,time_6,0.114620782,6,65.9,male,16,non_carrier,NA
135,time_8,Na,8,65.9,male,16,non_carrier,NA
136,baseline,0.115013925,0,60.4,male,16,non_carrier,NA
136,time_2,0.111166502,2,60.4,male,16,non_carrier,NA
136,time_4,0.115401195,4,60.4,male,16,non_carrier,NA
136,time_6,0.112998492,6,60.4,male,16,non_carrier,NA
136,time_8,0.110384898,8,60.4,male,16,non_carrier,NA
137,baseline,0.11193317,0,64.1,male,16,non_carrier,NA
137,time_2,0.114117575,2,64.1,male,16,non_carrier,NA
137,time_4,0.109088028,4,64.1,male,16,non_carrier,NA
137,time_6,0.109061272,6,64.1,male,16,non_carrier,NA
137,time_8,0.111009139,8,64.1,male,16,non_carrier,NA
138,baseline,0.110229076,0,63.4,female,16,carrier,NA
138,time_2,0.104298316,2,63.4,female,16,carrier,NA
138,time_4,0.10770547,4,63.4,female,16,carrier,NA
138,time_6,0.104200884,6,63.4,female,16,carrier,NA
138,time_8,0.104660178,8,63.4,female,16,carrier,NA
139,baseline,0.115008273,0,63,female,18,non_carrier,NA
139,time_2,0.113611653,2,63,female,18,non_carrier,NA
139,time_4,0.110264797,4,63,female,18,non_carrier,NA
139,time_6,0.107995736,6,63,female,18,non_carrier,NA
139,time_8,0.110052978,8,63,female,18,non_carrier,NA
140,baseline,0.116166175,0,64.8,male,16,non_carrier,NA
140,time_2,NA,2,64.8,male,16,non_carrier,NA
140,time_4,0.112098521,4,64.8,male,16,non_carrier,NA
140,time_6,0.110705025,6,64.8,male,16,non_carrier,NA
140,time_8,0.112229408,8,64.8,male,16,non_carrier,NA
141,baseline,0.11309114,0,59.3,male,16,carrier,NA
141,time_2,0.112172823,2,59.3,male,16,carrier,NA
141,time_4,0.108161214,4,59.3,male,16,carrier,NA
141,time_6,0.103344036,6,59.3,male,16,carrier,NA
141,time_8,0.107180501,8,59.3,male,16,carrier,NA
142,baseline,0.11423289,0,68.5,male,18,non_carrier,NA
142,time_2,0.110216812,2,68.5,male,18,non_carrier,NA
142,time_4,0.108580769,4,68.5,male,18,non_carrier,NA
142,time_6,0.10495667,6,68.5,male,18,non_carrier,NA
142,time_8,0.10735787,8,68.5,male,18,non_carrier,NA
143,baseline,0.1112291,0,60,female,20,non_carrier,NA
143,time_2,0.111009934,2,60,female,20,non_carrier,NA
143,time_4,0.11188745,4,60,female,20,non_carrier,NA
143,time_6,0.110505947,6,60,female,20,non_carrier,NA
143,time_8,0.113182982,8,60,female,20,non_carrier,NA
144,baseline,0.10947315,0,63.6,male,16,non_carrier,NA
144,time_2,0.108971442,2,63.6,male,16,non_carrier,NA
144,time_4,0.109181603,4,63.6,male,16,non_carrier,NA
144,time_6,0.110871641,6,63.6,male,16,non_carrier,NA
144,time_8,0.115172267,8,63.6,male,16,non_carrier,NA
145,baseline,0.115590182,0,61.7,female,18,non_carrier,NA
145,time_2,0.110950889,2,61.7,female,18,non_carrier,NA
145,time_4,0.109407603,4,61.7,female,18,non_carrier,NA
145,time_6,0.113288423,6,61.7,female,18,non_carrier,NA
145,time_8,0.110477904,8,61.7,female,18,non_carrier,NA
146,baseline,0.111194981,0,62.7,female,16,non_carrier,66.7
146,time_2,0.111374948,2,62.7,female,16,non_carrier,66.7
146,time_4,0.113454429,4,62.7,female,16,non_carrier,66.7
146,time_6,0.109239435,6,62.7,female,16,non_carrier,66.7
146,time_8,0.108603552,8,62.7,female,16,non_carrier,66.7
147,baseline,0.112108085,0,71.3,male,16,non_carrier,NA
147,time_2,0.108528459,2,71.3,male,16,non_carrier,NA
147,time_4,0.104723614,4,71.3,male,16,non_carrier,NA
147,time_6,NA,6,71.3,male,16,non_carrier,NA
147,time_8,0.110421066,8,71.3,male,16,non_carrier,NA
148,baseline,0.112054084,0,65.1,male,16,non_carrier,NA
148,time_2,0.113265604,2,65.1,male,16,non_carrier,NA
148,time_4,0.109892049,4,65.1,male,16,non_carrier,NA
148,time_6,NA,6,65.1,male,16,non_carrier,NA
148,time_8,0.11074136,8,65.1,male,16,non_carrier,NA
149,baseline,0.108500622,0,61.1,female,16,carrier,68.9
149,time_2,0.110531747,2,61.1,female,16,carrier,68.9
149,time_4,0.110113935,4,61.1,female,16,carrier,68.9
149,time_6,0.106510401,6,61.1,female,16,carrier,68.9
149,time_8,0.106897608,8,61.1,female,16,carrier,68.9
150,baseline,0.116264805,0,60.1,male,12,non_carrier,NA
150,time_2,0.116821506,2,60.1,male,12,non_carrier,NA
150,time_4,0.111890244,4,60.1,male,12,non_carrier,NA
150,time_6,0.111029241,6,60.1,male,12,non_carrier,NA
150,time_8,0.110733996,8,60.1,male,12,non_carrier,NA
151,baseline,0.113608163,0,66.4,female,16,non_carrier,NA
151,time_2,0.108580916,2,66.4,female,16,non_carrier,NA
151,time_4,NA,4,66.4,female,16,non_carrier,NA
151,time_6,0.108361232,6,66.4,female,16,non_carrier,NA
151,time_8,0.105491237,8,66.4,female,16,non_carrier,NA
152,baseline,0.111559953,0,64.9,male,16,non_carrier,NA
152,time_2,0.11094917,2,64.9,male,16,non_carrier,NA
152,time_4,0.111302618,4,64.9,male,16,non_carrier,NA
152,time_6,0.112019038,6,64.9,male,16,non_carrier,NA
152,time_8,0.113345844,8,64.9,male,16,non_carrier,NA
153,baseline,0.113520275,0,64,female,16,non_carrier,NA
153,time_2,NA,2,64,female,16,non_carrier,NA
153,time_4,0.113732454,4,64,female,16,non_carrier,NA
153,time_6,0.111485554,6,64,female,16,non_carrier,NA
153,time_8,0.109185341,8,64,female,16,non_carrier,NA
154,baseline,0.115357541,0,62.2,female,16,non_carrier,NA
154,time_2,0.112842522,2,62.2,female,16,non_carrier,NA
154,time_4,0.110617021,4,62.2,female,16,non_carrier,NA
154,time_6,0.109017525,6,62.2,female,16,non_carrier,NA
154,time_8,0.111596206,8,62.2,female,16,non_carrier,NA
155,baseline,0.107989299,0,60.5,female,12,non_carrier,NA
155,time_2,0.111849869,2,60.5,female,12,non_carrier,NA
155,time_4,0.109039806,4,60.5,female,12,non_carrier,NA
155,time_6,0.106468902,6,60.5,female,12,non_carrier,NA
155,time_8,0.110687157,8,60.5,female,12,non_carrier,NA
156,baseline,0.11327259,0,61.8,male,18,non_carrier,NA
156,time_2,0.108405018,2,61.8,male,18,non_carrier,NA
156,time_4,0.111582218,4,61.8,male,18,non_carrier,NA
156,time_6,0.112479152,6,61.8,male,18,non_carrier,NA
156,time_8,0.112304393,8,61.8,male,18,non_carrier,NA
157,baseline,0.108814316,0,68,male,16,carrier,NA
157,time_2,0.109086169,2,68,male,16,carrier,NA
157,time_4,0.107297502,4,68,male,16,carrier,NA
157,time_6,0.107029454,6,68,male,16,carrier,NA
157,time_8,0.105370984,8,68,male,16,carrier,NA
158,baseline,0.110799627,0,63.1,male,18,non_carrier,NA
158,time_2,0.11301348,2,63.1,male,18,non_carrier,NA
158,time_4,0.113852777,4,63.1,male,18,non_carrier,NA
158,time_6,0.116274526,6,63.1,male,18,non_carrier,NA
158,time_8,0.109467369,8,63.1,male,18,non_carrier,NA
159,baseline,0.113930694,0,60.8,male,16,non_carrier,NA
159,time_2,0.108507079,2,60.8,male,16,non_carrier,NA
159,time_4,0.110776315,4,60.8,male,16,non_carrier,NA
159,time_6,0.11479313,6,60.8,male,16,non_carrier,NA
159,time_8,0.110638546,8,60.8,male,16,non_carrier,NA
160,baseline,0.111869498,0,70.6,male,16,non_carrier,NA
160,time_2,0.111419715,2,70.6,male,16,non_carrier,NA
160,time_4,0.107228577,4,70.6,male,16,non_carrier,NA
160,time_6,NA,6,70.6,male,16,non_carrier,NA
160,time_8,0.10848435,8,70.6,male,16,non_carrier,NA
161,baseline,0.108052962,0,66.3,male,16,carrier,NA
161,time_2,0.108523882,2,66.3,male,16,carrier,NA
161,time_4,0.106035669,4,66.3,male,16,carrier,NA
161,time_6,0.104354121,6,66.3,male,16,carrier,NA
161,time_8,0.107276016,8,66.3,male,16,carrier,NA
162,baseline,0.112475302,0,64.3,male,16,carrier,NA
162,time_2,0.109124332,2,64.3,male,16,carrier,NA
162,time_4,0.10792853,4,64.3,male,16,carrier,NA
162,time_6,NA,6,64.3,male,16,carrier,NA
162,time_8,0.109852207,8,64.3,male,16,carrier,NA
163,baseline,0.112747999,0,68.2,female,12,non_carrier,NA
163,time_2,0.112757952,2,68.2,female,12,non_carrier,NA
163,time_4,0.110345673,4,68.2,female,12,non_carrier,NA
163,time_6,NA,6,68.2,female,12,non_carrier,NA
163,time_8,NA,8,68.2,female,12,non_carrier,NA
164,baseline,0.112159516,0,67.7,male,16,non_carrier,NA
164,time_2,0.108272686,2,67.7,male,16,non_carrier,NA
164,time_4,0.115087294,4,67.7,male,16,non_carrier,NA
164,time_6,0.10709817,6,67.7,male,16,non_carrier,NA
164,time_8,0.111019004,8,67.7,male,16,non_carrier,NA
165,baseline,0.109260703,0,63.1,female,20,non_carrier,NA
165,time_2,0.109352691,2,63.1,female,20,non_carrier,NA
165,time_4,0.109101327,4,63.1,female,20,non_carrier,NA
165,time_6,0.107393766,6,63.1,female,20,non_carrier,NA
165,time_8,0.109186068,8,63.1,female,20,non_carrier,NA
166,baseline,0.105211298,0,71.6,male,12,carrier,74.2
166,time_2,0.106707617,2,71.6,male,12,carrier,74.2
166,time_4,0.10962918,4,71.6,male,12,carrier,74.2
166,time_6,NA,6,71.6,male,12,carrier,74.2
166,time_8,0.099377278,8,71.6,male,12,carrier,74.2
167,baseline,0.112697767,0,64.2,female,16,non_carrier,NA
167,time_2,0.111124248,2,64.2,female,16,non_carrier,NA
167,time_4,NA,4,64.2,female,16,non_carrier,NA
167,time_6,0.110748097,6,64.2,female,16,non_carrier,NA
167,time_8,0.108417124,8,64.2,female,16,non_carrier,NA
168,baseline,0.111097239,0,60.7,male,16,non_carrier,NA
168,time_2,0.113362548,2,60.7,male,16,non_carrier,NA
168,time_4,0.115290461,4,60.7,male,16,non_carrier,NA
168,time_6,0.109922399,6,60.7,male,16,non_carrier,NA
168,time_8,0.109546537,8,60.7,male,16,non_carrier,NA
169,baseline,0.113709367,0,64.6,female,16,non_carrier,NA
169,time_2,0.112876095,2,64.6,female,16,non_carrier,NA
169,time_4,0.109526265,4,64.6,female,16,non_carrier,NA
169,time_6,0.108440872,6,64.6,female,16,non_carrier,NA
169,time_8,0.108258147,8,64.6,female,16,non_carrier,NA
170,baseline,0.11478716,0,65.6,male,16,non_carrier,70.7
170,time_2,0.111734748,2,65.6,male,16,non_carrier,70.7
170,time_4,0.111511576,4,65.6,male,16,non_carrier,70.7
170,time_6,0.113622709,6,65.6,male,16,non_carrier,70.7
170,time_8,0.11056932,8,65.6,male,16,non_carrier,70.7
171,baseline,0.111764745,0,71.9,female,20,non_carrier,NA
171,time_2,NA,2,71.9,female,20,non_carrier,NA
171,time_4,0.107103936,4,71.9,female,20,non_carrier,NA
171,time_6,0.10691259,6,71.9,female,20,non_carrier,NA
171,time_8,0.106847156,8,71.9,female,20,non_carrier,NA
172,baseline,0.112279065,0,65.3,female,20,non_carrier,NA
172,time_2,0.109488967,2,65.3,female,20,non_carrier,NA
172,time_4,NA,4,65.3,female,20,non_carrier,NA
172,time_6,0.107735874,6,65.3,female,20,non_carrier,NA
172,time_8,0.109390607,8,65.3,female,20,non_carrier,NA
173,baseline,0.10665628,0,66.4,male,12,carrier,NA
173,time_2,0.107544877,2,66.4,male,12,carrier,NA
173,time_4,0.110430503,4,66.4,male,12,carrier,NA
173,time_6,0.106024565,6,66.4,male,12,carrier,NA
173,time_8,NA,8,66.4,male,12,carrier,NA
174,baseline,0.113870695,0,64.8,male,16,non_carrier,NA
174,time_2,0.105367393,2,64.8,male,16,non_carrier,NA
174,time_4,0.111429822,4,64.8,male,16,non_carrier,NA
174,time_6,0.110995589,6,64.8,male,16,non_carrier,NA
174,time_8,0.115150942,8,64.8,male,16,non_carrier,NA
175,baseline,0.110447213,0,64,female,18,non_carrier,NA
175,time_2,0.109257868,2,64,female,18,non_carrier,NA
175,time_4,0.115522341,4,64,female,18,non_carrier,NA
175,time_6,0.110509351,6,64,female,18,non_carrier,NA
175,time_8,0.109031623,8,64,female,18,non_carrier,NA
176,baseline,0.113669694,0,64.9,male,18,non_carrier,NA
176,time_2,0.110842203,2,64.9,male,18,non_carrier,NA
176,time_4,0.108509164,4,64.9,male,18,non_carrier,NA
176,time_6,0.112221473,6,64.9,male,18,non_carrier,NA
176,time_8,0.110039067,8,64.9,male,18,non_carrier,NA
177,baseline,0.107080076,0,67.4,female,16,carrier,74.4
177,time_2,0.103880457,2,67.4,female,16,carrier,74.4
177,time_4,0.104338764,4,67.4,female,16,carrier,74.4
177,time_6,0.106399715,6,67.4,female,16,carrier,74.4
177,time_8,0.102465143,8,67.4,female,16,carrier,74.4
178,baseline,0.110403961,0,71.2,female,20,non_carrier,NA
178,time_2,0.111385633,2,71.2,female,20,non_carrier,NA
178,time_4,0.110068277,4,71.2,female,20,non_carrier,NA
178,time_6,0.104541101,6,71.2,female,20,non_carrier,NA
178,time_8,0.106985618,8,71.2,female,20,non_carrier,NA
180,baseline,0.113806433,0,68.6,male,16,non_carrier,NA
180,time_2,NA,2,68.6,male,16,non_carrier,NA
180,time_4,0.114042045,4,68.6,male,16,non_carrier,NA
180,time_6,0.107161884,6,68.6,male,16,non_carrier,NA
180,time_8,0.107183292,8,68.6,male,16,non_carrier,NA
181,baseline,0.109548645,0,61.3,male,12,carrier,NA
181,time_2,0.111917541,2,61.3,male,12,carrier,NA
181,time_4,0.109278334,4,61.3,male,12,carrier,NA
181,time_6,0.11166621,6,61.3,male,12,carrier,NA
181,time_8,0.108968217,8,61.3,male,12,carrier,NA
182,baseline,0.108484174,0,68,male,18,carrier,NA
182,time_2,0.111536146,2,68,male,18,carrier,NA
182,time_4,0.107999137,4,68,male,18,carrier,NA
182,time_6,0.107726194,6,68,male,18,carrier,NA
182,time_8,0.105669413,8,68,male,18,carrier,NA
183,baseline,0.108565576,0,65.7,male,16,carrier,NA
183,time_2,0.106722774,2,65.7,male,16,carrier,NA
183,time_4,0.104901171,4,65.7,male,16,carrier,NA
183,time_6,0.106505678,6,65.7,male,16,carrier,NA
183,time_8,0.106399583,8,65.7,male,16,carrier,NA
184,baseline,0.118215335,0,60.6,male,20,non_carrier,NA
184,time_2,NA,2,60.6,male,20,non_carrier,NA
184,time_4,0.111813137,4,60.6,male,20,non_carrier,NA
184,time_6,0.114049341,6,60.6,male,20,non_carrier,NA
184,time_8,0.108880233,8,60.6,male,20,non_carrier,NA
185,baseline,0.111091191,0,66.6,female,12,non_carrier,NA
185,time_2,0.111206684,2,66.6,female,12,non_carrier,NA
185,time_4,0.105848361,4,66.6,female,12,non_carrier,NA
185,time_6,0.111476008,6,66.6,female,12,non_carrier,NA
185,time_8,0.106719007,8,66.6,female,12,non_carrier,NA
186,baseline,0.105429887,0,64.5,male,20,carrier,69.5
186,time_2,NA,2,64.5,male,20,carrier,69.5
186,time_4,0.10383885,4,64.5,male,20,carrier,69.5
186,time_6,0.106167129,6,64.5,male,20,carrier,69.5
186,time_8,0.107530159,8,64.5,male,20,carrier,69.5
187,baseline,0.109763067,0,69.4,male,16,non_carrier,NA
187,time_2,0.107664395,2,69.4,male,16,non_carrier,NA
187,time_4,0.108949405,4,69.4,male,16,non_carrier,NA
187,time_6,0.109036073,6,69.4,male,16,non_carrier,NA
187,time_8,NA,8,69.4,male,16,non_carrier,NA
188,baseline,0.11313781,0,62.7,female,12,non_carrier,NA
188,time_2,0.110913977,2,62.7,female,12,non_carrier,NA
188,time_4,0.110622844,4,62.7,female,12,non_carrier,NA
188,time_6,0.112630919,6,62.7,female,12,non_carrier,NA
188,time_8,0.11298672,8,62.7,female,12,non_carrier,NA
189,baseline,0.111063049,0,63.7,male,16,non_carrier,NA
189,time_2,0.113349902,2,63.7,male,16,non_carrier,NA
189,time_4,0.111611804,4,63.7,male,16,non_carrier,NA
189,time_6,0.113871913,6,63.7,male,16,non_carrier,NA
189,time_8,0.112309662,8,63.7,male,16,non_carrier,NA
190,baseline,0.11589442,0,62.2,male,12,non_carrier,NA
190,time_2,0.112072935,2,62.2,male,12,non_carrier,NA
190,time_4,NA,4,62.2,male,12,non_carrier,NA
190,time_6,0.112994382,6,62.2,male,12,non_carrier,NA
190,time_8,0.107960685,8,62.2,male,12,non_carrier,NA
191,baseline,0.109465952,0,64.5,female,16,non_carrier,NA
191,time_2,0.113946316,2,64.5,female,16,non_carrier,NA
191,time_4,0.109183966,4,64.5,female,16,non_carrier,NA
191,time_6,0.112456806,6,64.5,female,16,non_carrier,NA
191,time_8,0.110325377,8,64.5,female,16,non_carrier,NA
192,baseline,0.105397136,0,66.2,female,16,carrier,NA
192,time_2,0.105887324,2,66.2,female,16,carrier,NA
192,time_4,0.103669455,4,66.2,female,16,carrier,NA
192,time_6,0.106161333,6,66.2,female,16,carrier,NA
192,time_8,NA,8,66.2,female,16,carrier,NA
193,baseline,0.112570898,0,62.8,male,20,carrier,NA
193,time_2,0.109856279,2,62.8,male,20,carrier,NA
193,time_4,0.11034929,4,62.8,male,20,carrier,NA
193,time_6,0.107437412,6,62.8,male,20,carrier,NA
193,time_8,0.110393571,8,62.8,male,20,carrier,NA
194,baseline,0.107667466,0,67.5,female,16,carrier,NA
194,time_2,0.10454562,2,67.5,female,16,carrier,NA
194,time_4,0.105814679,4,67.5,female,16,carrier,NA
194,time_6,0.107261536,6,67.5,female,16,carrier,NA
194,time_8,0.101731113,8,67.5,female,16,carrier,NA
195,baseline,0.11018114,0,61.4,male,18,carrier,NA
195,time_2,0.107946141,2,61.4,male,18,carrier,NA
195,time_4,0.105704397,4,61.4,male,18,carrier,NA
195,time_6,0.113010336,6,61.4,male,18,carrier,NA
195,time_8,0.108083297,8,61.4,male,18,carrier,NA
196,baseline,0.113560672,0,61.9,female,16,non_carrier,NA
196,time_2,0.112007202,2,61.9,female,16,non_carrier,NA
196,time_4,0.107601041,4,61.9,female,16,non_carrier,NA
196,time_6,0.110555327,6,61.9,female,16,non_carrier,NA
196,time_8,0.112731537,8,61.9,female,16,non_carrier,NA
197,baseline,0.112997226,0,69.3,female,16,non_carrier,NA
197,time_2,NA,2,69.3,female,16,non_carrier,NA
197,time_4,0.111963376,4,69.3,female,16,non_carrier,NA
197,time_6,0.111256439,6,69.3,female,16,non_carrier,NA
197,time_8,0.109087119,8,69.3,female,16,non_carrier,NA
198,baseline,0.116171582,0,62,female,18,non_carrier,NA
198,time_2,0.113983608,2,62,female,18,non_carrier,NA
198,time_4,0.112201729,4,62,female,18,non_carrier,NA
198,time_6,0.106150358,6,62,female,18,non_carrier,NA
198,time_8,0.111221253,8,62,female,18,non_carrier,NA
199,baseline,0.112244767,0,66.2,male,18,non_carrier,NA
199,time_2,0.109552653,2,66.2,male,18,non_carrier,NA
199,time_4,0.110404571,4,66.2,male,18,non_carrier,NA
199,time_6,0.10790282,6,66.2,male,18,non_carrier,NA
199,time_8,0.112110757,8,66.2,male,18,non_carrier,NA
200,baseline,0.112462358,0,63.9,male,16,non_carrier,NA
200,time_2,0.109221298,2,63.9,male,16,non_carrier,NA
200,time_4,0.111819559,4,63.9,male,16,non_carrier,NA
200,time_6,0.10801035,6,63.9,male,16,non_carrier,NA
200,time_8,0.107276062,8,63.9,male,16,non_carrier,NA
201,baseline,0.108098798,0,66.2,male,18,non_carrier,NA
201,time_2,0.109902594,2,66.2,male,18,non_carrier,NA
201,time_4,NA,4,66.2,male,18,non_carrier,NA
201,time_6,0.112359508,6,66.2,male,18,non_carrier,NA
201,time_8,0.108116303,8,66.2,male,18,non_carrier,NA
202,baseline,0.108924204,0,70.1,female,18,carrier,75.2
202,time_2,0.103006361,2,70.1,female,18,carrier,75.2
202,time_4,0.103228003,4,70.1,female,18,carrier,75.2
202,time_6,0.102029846,6,70.1,female,18,carrier,75.2
202,time_8,0.100056292,8,70.1,female,18,carrier,75.2
203,baseline,0.108481607,0,69.8,female,18,non_carrier,NA
203,time_2,0.108858361,2,69.8,female,18,non_carrier,NA
203,time_4,NA,4,69.8,female,18,non_carrier,NA
203,time_6,0.107815484,6,69.8,female,18,non_carrier,NA
203,time_8,NA,8,69.8,female,18,non_carrier,NA
204,baseline,0.113843587,0,64,female,16,non_carrier,NA
204,time_2,0.107294914,2,64,female,16,non_carrier,NA
204,time_4,0.111010329,4,64,female,16,non_carrier,NA
204,time_6,0.107208468,6,64,female,16,non_carrier,NA
204,time_8,0.108662788,8,64,female,16,non_carrier,NA
205,baseline,0.110405326,0,58.1,female,16,carrier,NA
205,time_2,0.108214953,2,58.1,female,16,carrier,NA
205,time_4,0.107247746,4,58.1,female,16,carrier,NA
205,time_6,0.108624049,6,58.1,female,16,carrier,NA
205,time_8,0.107852263,8,58.1,female,16,carrier,NA
206,baseline,0.105185791,0,72.5,female,16,non_carrier,NA
206,time_2,0.106223307,2,72.5,female,16,non_carrier,NA
206,time_4,0.110413053,4,72.5,female,16,non_carrier,NA
206,time_6,0.105684222,6,72.5,female,16,non_carrier,NA
206,time_8,0.107486057,8,72.5,female,16,non_carrier,NA
207,baseline,0.110261676,0,67,female,16,non_carrier,NA
207,time_2,0.108526325,2,67,female,16,non_carrier,NA
207,time_4,0.109553088,4,67,female,16,non_carrier,NA
207,time_6,0.109083999,6,67,female,16,non_carrier,NA
207,time_8,0.109822586,8,67,female,16,non_carrier,NA
208,baseline,0.110355973,0,66.6,female,18,non_carrier,NA
208,time_2,0.108300166,2,66.6,female,18,non_carrier,NA
208,time_4,0.106700067,4,66.6,female,18,non_carrier,NA
208,time_6,0.103447275,6,66.6,female,18,non_carrier,NA
208,time_8,0.109363855,8,66.6,female,18,non_carrier,NA
209,baseline,0.112530533,0,65,male,16,non_carrier,NA
209,time_2,0.114170609,2,65,male,16,non_carrier,NA
209,time_4,0.110016151,4,65,male,16,non_carrier,NA
209,time_6,0.111912187,6,65,male,16,non_carrier,NA
209,time_8,0.110882342,8,65,male,16,non_carrier,NA
210,baseline,0.108214487,0,66.5,female,16,non_carrier,NA
210,time_2,0.110188868,2,66.5,female,16,non_carrier,NA
210,time_4,0.113068347,4,66.5,female,16,non_carrier,NA
210,time_6,0.106739447,6,66.5,female,16,non_carrier,NA
210,time_8,0.108359644,8,66.5,female,16,non_carrier,NA
211,baseline,0.114137467,0,64.5,male,16,non_carrier,NA
211,time_2,0.111451901,2,64.5,male,16,non_carrier,NA
211,time_4,0.11297526,4,64.5,male,16,non_carrier,NA
211,time_6,0.111840845,6,64.5,male,16,non_carrier,NA
211,time_8,0.108153563,8,64.5,male,16,non_carrier,NA
212,baseline,0.107937409,0,66.3,female,16,carrier,NA
212,time_2,0.10639588,2,66.3,female,16,carrier,NA
212,time_4,0.10736014,4,66.3,female,16,carrier,NA
212,time_6,0.103412602,6,66.3,female,16,carrier,NA
212,time_8,0.104867625,8,66.3,female,16,carrier,NA
213,baseline,0.11299686,0,63.8,male,16,non_carrier,NA
213,time_2,0.112907947,2,63.8,male,16,non_carrier,NA
213,time_4,0.111936644,4,63.8,male,16,non_carrier,NA
213,time_6,0.108544438,6,63.8,male,16,non_carrier,NA
213,time_8,0.108081178,8,63.8,male,16,non_carrier,NA
214,baseline,0.112598517,0,60.9,male,16,non_carrier,NA
214,time_2,0.110321332,2,60.9,male,16,non_carrier,NA
214,time_4,0.117071872,4,60.9,male,16,non_carrier,NA
214,time_6,0.111997771,6,60.9,male,16,non_carrier,NA
214,time_8,0.110278987,8,60.9,male,16,non_carrier,NA
215,baseline,0.111034389,0,68,male,16,non_carrier,NA
215,time_2,0.109935172,2,68,male,16,non_carrier,NA
215,time_4,0.109941957,4,68,male,16,non_carrier,NA
215,time_6,0.109059002,6,68,male,16,non_carrier,NA
215,time_8,0.107458997,8,68,male,16,non_carrier,NA
216,baseline,0.109018937,0,69.6,female,12,non_carrier,NA
216,time_2,NA,2,69.6,female,12,non_carrier,NA
216,time_4,0.106771338,4,69.6,female,12,non_carrier,NA
216,time_6,0.109148607,6,69.6,female,12,non_carrier,NA
216,time_8,0.106092654,8,69.6,female,12,non_carrier,NA
217,baseline,0.114991488,0,64.1,female,16,non_carrier,NA
217,time_2,0.111271838,2,64.1,female,16,non_carrier,NA
217,time_4,0.112281329,4,64.1,female,16,non_carrier,NA
217,time_6,0.108625478,6,64.1,female,16,non_carrier,NA
217,time_8,0.104229652,8,64.1,female,16,non_carrier,NA
218,baseline,0.11380286,0,61.2,male,16,non_carrier,65.9
218,time_2,0.115676631,2,61.2,male,16,non_carrier,65.9
218,time_4,0.112240869,4,61.2,male,16,non_carrier,65.9
218,time_6,0.110319531,6,61.2,male,16,non_carrier,65.9
218,time_8,0.110548777,8,61.2,male,16,non_carrier,65.9
219,baseline,0.107481863,0,66.9,female,16,carrier,NA
219,time_2,0.10477106,2,66.9,female,16,carrier,NA
219,time_4,0.109749603,4,66.9,female,16,carrier,NA
219,time_6,0.105062348,6,66.9,female,16,carrier,NA
219,time_8,0.101766786,8,66.9,female,16,carrier,NA
220,baseline,0.109545897,0,64.9,male,16,non_carrier,NA
220,time_2,0.113029162,2,64.9,male,16,non_carrier,NA
220,time_4,0.114310737,4,64.9,male,16,non_carrier,NA
220,time_6,NA,6,64.9,male,16,non_carrier,NA
220,time_8,0.1098184,8,64.9,male,16,non_carrier,NA
221,baseline,0.115256723,0,59.8,female,18,non_carrier,NA
221,time_2,0.114218397,2,59.8,female,18,non_carrier,NA
221,time_4,0.111954677,4,59.8,female,18,non_carrier,NA
221,time_6,0.111164524,6,59.8,female,18,non_carrier,NA
221,time_8,0.113910429,8,59.8,female,18,non_carrier,NA
222,baseline,0.10719587,0,65,male,16,non_carrier,NA
222,time_2,0.112179679,2,65,male,16,non_carrier,NA
222,time_4,Na,4,65,male,16,non_carrier,NA
222,time_6,0.106680502,6,65,male,16,non_carrier,NA
222,time_8,0.108297104,8,65,male,16,non_carrier,NA
223,baseline,0.108381993,0,63.1,female,20,carrier,NA
223,time_2,0.107049412,2,63.1,female,20,carrier,NA
223,time_4,0.10952307,4,63.1,female,20,carrier,NA
223,time_6,0.108223636,6,63.1,female,20,carrier,NA
223,time_8,0.103776878,8,63.1,female,20,carrier,NA
224,baseline,0.112909545,0,64,female,12,non_carrier,NA
224,time_2,0.112770958,2,64,female,12,non_carrier,NA
224,time_4,0.107760535,4,64,female,12,non_carrier,NA
224,time_6,0.10915948,6,64,female,12,non_carrier,NA
224,time_8,0.112712093,8,64,female,12,non_carrier,NA
225,baseline,0.114814304,0,61.5,male,16,non_carrier,NA
225,time_2,0.115060301,2,61.5,male,16,non_carrier,NA
225,time_4,0.116324032,4,61.5,male,16,non_carrier,NA
225,time_6,0.111921308,6,61.5,male,16,non_carrier,NA
225,time_8,0.111561345,8,61.5,male,16,non_carrier,NA
226,baseline,0.113086843,0,70.4,male,16,non_carrier,75.4
226,time_2,0.110028856,2,70.4,male,16,non_carrier,75.4
226,time_4,0.110193695,4,70.4,male,16,non_carrier,75.4
226,time_6,0.107221396,6,70.4,male,16,non_carrier,75.4
226,time_8,0.105330637,8,70.4,male,16,non_carrier,75.4
227,baseline,0.109379357,0,64,male,16,carrier,NA
227,time_2,NA,2,64,male,16,carrier,NA
227,time_4,0.109891454,4,64,male,16,carrier,NA
227,time_6,0.106144773,6,64,male,16,carrier,NA
227,time_8,0.105230652,8,64,male,16,carrier,NA
228,baseline,0.112070123,0,60.2,male,12,non_carrier,NA
228,time_2,0.116015774,2,60.2,male,12,non_carrier,NA
228,time_4,0.111885804,4,60.2,male,12,non_carrier,NA
228,time_6,0.110751579,6,60.2,male,12,non_carrier,NA
228,time_8,0.111124896,8,60.2,male,12,non_carrier,NA
229,baseline,0.110090355,0,65.6,female,18,non_carrier,70.9
229,time_2,0.114248533,2,65.6,female,18,non_carrier,70.9
229,time_4,0.111349647,4,65.6,female,18,non_carrier,70.9
229,time_6,0.107372297,6,65.6,female,18,non_carrier,70.9
229,time_8,0.108299128,8,65.6,female,18,non_carrier,70.9
230,baseline,0.108365352,0,65.8,female,20,carrier,70.8
230,time_2,NA,2,65.8,female,20,carrier,70.8
230,time_4,0.105863778,4,65.8,female,20,carrier,70.8
230,time_6,0.107323444,6,65.8,female,20,carrier,70.8
230,time_8,0.106788809,8,65.8,female,20,carrier,70.8
231,baseline,0.11458089,0,62,male,12,carrier,NA
231,time_2,0.109402445,2,62,male,12,carrier,NA
231,time_4,NA,4,62,male,12,carrier,NA
231,time_6,0.110877524,6,62,male,12,carrier,NA
231,time_8,0.108144787,8,62,male,12,carrier,NA
232,baseline,0.11595142,0,56.3,male,16,non_carrier,NA
232,time_2,NA,2,56.3,male,16,non_carrier,NA
232,time_4,0.116115676,4,56.3,male,16,non_carrier,NA
232,time_6,0.113432231,6,56.3,male,16,non_carrier,NA
232,time_8,0.109090531,8,56.3,male,16,non_carrier,NA
233,baseline,0.112893833,0,63.1,male,16,non_carrier,NA
233,time_2,0.115013335,2,63.1,male,16,non_carrier,NA
233,time_4,0.110634459,4,63.1,male,16,non_carrier,NA
233,time_6,0.106090678,6,63.1,male,16,non_carrier,NA
233,time_8,0.111046544,8,63.1,male,16,non_carrier,NA
234,baseline,0.110521689,0,66.7,male,18,non_carrier,66.7
234,time_2,0.110988335,2,66.7,male,18,non_carrier,66.7
234,time_4,0.110318671,4,66.7,male,18,non_carrier,66.7
234,time_6,0.107334344,6,66.7,male,18,non_carrier,66.7
234,time_8,0.108868811,8,66.7,male,18,non_carrier,66.7
235,baseline,0.11137802,0,64.8,male,16,non_carrier,NA
235,time_2,0.111378396,2,64.8,male,16,non_carrier,NA
235,time_4,0.109979911,4,64.8,male,16,non_carrier,NA
235,time_6,0.109572352,6,64.8,male,16,non_carrier,NA
235,time_8,0.108636003,8,64.8,male,16,non_carrier,NA
236,baseline,0.11558541,0,64.7,female,18,non_carrier,NA
236,time_2,NA,2,64.7,female,18,non_carrier,NA
236,time_4,0.110800328,4,64.7,female,18,non_carrier,NA
236,time_6,0.113297202,6,64.7,female,18,non_carrier,NA
236,time_8,0.10689018,8,64.7,female,18,non_carrier,NA
237,baseline,0.113196582,0,66.7,male,16,non_carrier,NA
237,time_2,0.10900657,2,66.7,male,16,non_carrier,NA
237,time_4,0.10950988,4,66.7,male,16,non_carrier,NA
237,time_6,0.111039211,6,66.7,male,16,non_carrier,NA
237,time_8,0.108035247,8,66.7,male,16,non_carrier,NA
238,baseline,0.112606834,0,61.4,male,16,non_carrier,NA
238,time_2,0.116397819,2,61.4,male,16,non_carrier,NA
238,time_4,0.115982548,4,61.4,male,16,non_carrier,NA
238,time_6,0.110050338,6,61.4,male,16,non_carrier,NA
238,time_8,0.110917812,8,61.4,male,16,non_carrier,NA
239,baseline,0.113600797,0,68.3,male,16,non_carrier,NA
239,time_2,0.106647566,2,68.3,male,16,non_carrier,NA
239,time_4,0.109082952,4,68.3,male,16,non_carrier,NA
239,time_6,0.111450092,6,68.3,male,16,non_carrier,NA
239,time_8,0.109565108,8,68.3,male,16,non_carrier,NA
240,baseline,0.107417229,0,65,female,16,carrier,NA
240,time_2,0.105284921,2,65,female,16,carrier,NA
240,time_4,0.108521814,4,65,female,16,carrier,NA
240,time_6,0.109283827,6,65,female,16,carrier,NA
240,time_8,NA,8,65,female,16,carrier,NA
241,baseline,0.110868908,0,67.1,male,12,non_carrier,NA
241,time_2,0.11549979,2,67.1,male,12,non_carrier,NA
241,time_4,0.111514495,4,67.1,male,12,non_carrier,NA
241,time_6,0.109334647,6,67.1,male,12,non_carrier,NA
241,time_8,0.106597782,8,67.1,male,12,non_carrier,NA
242,baseline,0.110615293,0,68.1,male,12,non_carrier,75.6
242,time_2,0.112466023,2,68.1,male,12,non_carrier,75.6
242,time_4,0.110543716,4,68.1,male,12,non_carrier,75.6
242,time_6,0.108457735,6,68.1,male,12,non_carrier,75.6
242,time_8,0.106649029,8,68.1,male,12,non_carrier,75.6
243,baseline,0.112000253,0,65.7,male,18,non_carrier,NA
243,time_2,0.108916554,2,65.7,male,18,non_carrier,NA
243,time_4,0.116997515,4,65.7,male,18,non_carrier,NA
243,time_6,0.113761549,6,65.7,male,18,non_carrier,NA
243,time_8,0.111077001,8,65.7,male,18,non_carrier,NA
244,baseline,0.113622725,0,62.4,male,16,non_carrier,NA
244,time_2,0.111634374,2,62.4,male,16,non_carrier,NA
244,time_4,0.116219419,4,62.4,male,16,non_carrier,NA
244,time_6,0.108497527,6,62.4,male,16,non_carrier,NA
244,time_8,NA,8,62.4,male,16,non_carrier,NA
245,baseline,0.110709106,0,68.5,female,16,non_carrier,NA
245,time_2,0.111442223,2,68.5,female,16,non_carrier,NA
245,time_4,NA,4,68.5,female,16,non_carrier,NA
245,time_6,0.108201473,6,68.5,female,16,non_carrier,NA
245,time_8,NA,8,68.5,female,16,non_carrier,NA
246,baseline,0.107236319,0,59,female,16,non_carrier,NA
246,time_2,NA,2,59,female,16,non_carrier,NA
246,time_4,0.113907651,4,59,female,16,non_carrier,NA
246,time_6,0.116341044,6,59,female,16,non_carrier,NA
246,time_8,0.108183992,8,59,female,16,non_carrier,NA
247,baseline,0.112413078,0,63.4,female,16,non_carrier,NA
247,time_2,0.111275404,2,63.4,female,16,non_carrier,NA
247,time_4,0.113651628,4,63.4,female,16,non_carrier,NA
247,time_6,0.109358363,6,63.4,female,16,non_carrier,NA
247,time_8,0.109229675,8,63.4,female,16,non_carrier,NA
248,baseline,0.109496789,0,64.2,female,20,non_carrier,NA
248,time_2,0.110915407,2,64.2,female,20,non_carrier,NA
248,time_4,0.107768124,4,64.2,female,20,non_carrier,NA
248,time_6,0.109290972,6,64.2,female,20,non_carrier,NA
248,time_8,0.107677523,8,64.2,female,20,non_carrier,NA
249,baseline,0.107875226,0,64.5,female,16,carrier,68.4
249,time_2,0.106120934,2,64.5,female,16,carrier,68.4
249,time_4,0.110522028,4,64.5,female,16,carrier,68.4
249,time_6,0.10443051,6,64.5,female,16,carrier,68.4
249,time_8,0.104297366,8,64.5,female,16,carrier,68.4
250,baseline,0.107287702,0,68.1,male,16,carrier,74.5
250,time_2,0.109043837,2,68.1,male,16,carrier,74.5
250,time_4,0.109596383,4,68.1,male,16,carrier,74.5
250,time_6,0.105458715,6,68.1,male,16,carrier,74.5
250,time_8,0.10294026,8,68.1,male,16,carrier,74.5
251,baseline,0.113267198,0,65.4,male,16,non_carrier,NA
251,time_2,0.112860254,2,65.4,male,16,non_carrier,NA
251,time_4,0.110199541,4,65.4,male,16,non_carrier,NA
251,time_6,0.111853532,6,65.4,male,16,non_carrier,NA
251,time_8,0.110125816,8,65.4,male,16,non_carrier,NA
252,baseline,0.106002663,0,66.2,male,16,carrier,69.6
252,time_2,0.109438988,2,66.2,male,16,carrier,69.6
252,time_4,0.104734598,4,66.2,male,16,carrier,69.6
252,time_6,0.108832219,6,66.2,male,16,carrier,69.6
252,time_8,0.105513741,8,66.2,male,16,carrier,69.6
253,baseline,0.115134627,0,64.8,female,16,non_carrier,NA
253,time_2,0.110547291,2,64.8,female,16,non_carrier,NA
253,time_4,0.106714243,4,64.8,female,16,non_carrier,NA
253,time_6,0.106435844,6,64.8,female,16,non_carrier,NA
253,time_8,0.111616836,8,64.8,female,16,non_carrier,NA
254,baseline,0.110245956,0,64.3,female,16,non_carrier,NA
254,time_2,0.108772293,2,64.3,female,16,non_carrier,NA
254,time_4,0.110930495,4,64.3,female,16,non_carrier,NA
254,time_6,0.109040278,6,64.3,female,16,non_carrier,NA
254,time_8,0.106643493,8,64.3,female,16,non_carrier,NA
255,baseline,0.106253475,0,67.1,male,20,non_carrier,NA
255,time_2,0.110105251,2,67.1,male,20,non_carrier,NA
255,time_4,0.111223702,4,67.1,male,20,non_carrier,NA
255,time_6,0.109013934,6,67.1,male,20,non_carrier,NA
255,time_8,0.108802433,8,67.1,male,20,non_carrier,NA
256,baseline,0.110333058,0,68.4,male,16,non_carrier,NA
256,time_2,0.111191436,2,68.4,male,16,non_carrier,NA
256,time_4,0.111561994,4,68.4,male,16,non_carrier,NA
256,time_6,0.112290273,6,68.4,male,16,non_carrier,NA
256,time_8,0.105329408,8,68.4,male,16,non_carrier,NA
257,baseline,0.11543654,0,57.8,male,18,non_carrier,NA
257,time_2,0.113668756,2,57.8,male,18,non_carrier,NA
257,time_4,0.115979489,4,57.8,male,18,non_carrier,NA
257,time_6,0.118015523,6,57.8,male,18,non_carrier,NA
257,time_8,0.112190486,8,57.8,male,18,non_carrier,NA
258,baseline,0.112868713,0,66.7,male,16,non_carrier,NA
258,time_2,0.113611195,2,66.7,male,16,non_carrier,NA
258,time_4,0.113987558,4,66.7,male,16,non_carrier,NA
258,time_6,0.112578082,6,66.7,male,16,non_carrier,NA
258,time_8,NA,8,66.7,male,16,non_carrier,NA
259,baseline,0.108453633,0,66.1,female,16,non_carrier,NA
259,time_2,0.109658783,2,66.1,female,16,non_carrier,NA
259,time_4,0.113913322,4,66.1,female,16,non_carrier,NA
259,time_6,0.10932139,6,66.1,female,16,non_carrier,NA
259,time_8,NA,8,66.1,female,16,non_carrier,NA
260,baseline,0.109796797,0,63.7,male,18,carrier,NA
260,time_2,0.110224005,2,63.7,male,18,carrier,NA
260,time_4,NA,4,63.7,male,18,carrier,NA
260,time_6,0.109814774,6,63.7,male,18,carrier,NA
260,time_8,0.102045489,8,63.7,male,18,carrier,NA
261,baseline,0.103748954,0,67.9,male,16,carrier,NA
261,time_2,0.107379199,2,67.9,male,16,carrier,NA
261,time_4,0.108546849,4,67.9,male,16,carrier,NA
261,time_6,0.102970337,6,67.9,male,16,carrier,NA
261,time_8,0.107146837,8,67.9,male,16,carrier,NA
262,baseline,0.109446465,0,63.8,female,16,non_carrier,NA
262,time_2,0.111668885,2,63.8,female,16,non_carrier,NA
262,time_4,0.110423346,4,63.8,female,16,non_carrier,NA
262,time_6,0.107215863,6,63.8,female,16,non_carrier,NA
262,time_8,0.112984185,8,63.8,female,16,non_carrier,NA
263,baseline,0.114413693,0,64.1,male,18,non_carrier,NA
263,time_2,0.118711732,2,64.1,male,18,non_carrier,NA
263,time_4,0.113048282,4,64.1,male,18,non_carrier,NA
263,time_6,0.110042851,6,64.1,male,18,non_carrier,NA
263,time_8,0.109820332,8,64.1,male,18,non_carrier,NA
264,baseline,0.109290417,0,67.6,female,16,non_carrier,NA
264,time_2,0.107052575,2,67.6,female,16,non_carrier,NA
264,time_4,0.104537415,4,67.6,female,16,non_carrier,NA
264,time_6,0.108523479,6,67.6,female,16,non_carrier,NA
264,time_8,0.111256162,8,67.6,female,16,non_carrier,NA
265,baseline,0.111600682,0,70.2,male,16,non_carrier,NA
265,time_2,0.109383354,2,70.2,male,16,non_carrier,NA
265,time_4,0.111160149,4,70.2,male,16,non_carrier,NA
265,time_6,0.109172259,6,70.2,male,16,non_carrier,NA
265,time_8,0.109381538,8,70.2,male,16,non_carrier,NA
266,baseline,0.11336981,0,65.8,male,16,non_carrier,NA
266,time_2,0.111157775,2,65.8,male,16,non_carrier,NA
266,time_4,0.113202621,4,65.8,male,16,non_carrier,NA
266,time_6,0.110916573,6,65.8,male,16,non_carrier,NA
266,time_8,0.106187184,8,65.8,male,16,non_carrier,NA
267,baseline,0.114340797,0,63.7,male,16,non_carrier,NA
267,time_2,0.116760903,2,63.7,male,16,non_carrier,NA
267,time_4,0.112249598,4,63.7,male,16,non_carrier,NA
267,time_6,0.115404869,6,63.7,male,16,non_carrier,NA
267,time_8,0.111303622,8,63.7,male,16,non_carrier,NA
269,baseline,0.110360136,0,64,male,20,non_carrier,NA
269,time_2,0.108676655,2,64,male,20,non_carrier,NA
269,time_4,0.111362252,4,64,male,20,non_carrier,NA
269,time_6,0.109486086,6,64,male,20,non_carrier,NA
269,time_8,0.115596082,8,64,male,20,non_carrier,NA
270,baseline,0.11031577,0,62.2,male,16,carrier,NA
270,time_2,NA,2,62.2,male,16,carrier,NA
270,time_4,0.109834068,4,62.2,male,16,carrier,NA
270,time_6,0.108219294,6,62.2,male,16,carrier,NA
270,time_8,0.108880295,8,62.2,male,16,carrier,NA
271,baseline,0.110585716,0,64.2,male,12,carrier,NA
271,time_2,0.110450742,2,64.2,male,12,carrier,NA
271,time_4,0.110279471,4,64.2,male,12,carrier,NA
271,time_6,0.109730294,6,64.2,male,12,carrier,NA
271,time_8,0.106944687,8,64.2,male,12,carrier,NA
272,baseline,0.106047845,0,66.2,male,16,carrier,NA
272,time_2,0.102522548,2,66.2,male,16,carrier,NA
272,time_4,0.1065023,4,66.2,male,16,carrier,NA
272,time_6,0.103627959,6,66.2,male,16,carrier,NA
272,time_8,0.105508768,8,66.2,male,16,carrier,NA
273,baseline,0.111687203,0,62.4,female,16,non_carrier,NA
273,time_2,0.112214262,2,62.4,female,16,non_carrier,NA
273,time_4,0.114662559,4,62.4,female,16,non_carrier,NA
273,time_6,0.114035932,6,62.4,female,16,non_carrier,NA
273,time_8,0.11160086,8,62.4,female,16,non_carrier,NA
274,baseline,0.109256855,0,72.9,female,16,non_carrier,NA
274,time_2,0.109016523,2,72.9,female,16,non_carrier,NA
274,time_4,0.107350371,4,72.9,female,16,non_carrier,NA
274,time_6,0.103459996,6,72.9,female,16,non_carrier,NA
274,time_8,0.110392014,8,72.9,female,16,non_carrier,NA
275,baseline,0.113862157,0,65.5,female,12,non_carrier,NA
275,time_2,0.113152705,2,65.5,female,12,non_carrier,NA
275,time_4,NA,4,65.5,female,12,non_carrier,NA
275,time_6,0.110478446,6,65.5,female,12,non_carrier,NA
275,time_8,0.109628693,8,65.5,female,12,non_carrier,NA
276,baseline,0.103669628,0,68.4,female,16,carrier,NA
276,time_2,NA,2,68.4,female,16,carrier,NA
276,time_4,0.106495998,4,68.4,female,16,carrier,NA
276,time_6,NA,6,68.4,female,16,carrier,NA
276,time_8,0.103131543,8,68.4,female,16,carrier,NA
277,baseline,0.115712476,0,58.1,male,16,carrier,61.6
277,time_2,NA,2,58.1,male,16,carrier,61.6
277,time_4,0.111484023,4,58.1,male,16,carrier,61.6
277,time_6,NA,6,58.1,male,16,carrier,61.6
277,time_8,0.105341071,8,58.1,male,16,carrier,61.6
278,baseline,0.107788079,0,67.2,female,16,non_carrier,NA
278,time_2,0.108533987,2,67.2,female,16,non_carrier,NA
278,time_4,0.105360808,4,67.2,female,16,non_carrier,NA
278,time_6,0.109739168,6,67.2,female,16,non_carrier,NA
278,time_8,0.104887218,8,67.2,female,16,non_carrier,NA
279,baseline,0.110001275,0,61.1,female,18,non_carrier,NA
279,time_2,0.11353116,2,61.1,female,18,non_carrier,NA
279,time_4,0.112236435,4,61.1,female,18,non_carrier,NA
279,time_6,0.11320741,6,61.1,female,18,non_carrier,NA
279,time_8,0.11110656,8,61.1,female,18,non_carrier,NA
280,baseline,0.10701986,0,67.8,female,16,carrier,71.8
280,time_2,NA,2,67.8,female,16,carrier,71.8
280,time_4,0.102710675,4,67.8,female,16,carrier,71.8
280,time_6,0.104851778,6,67.8,female,16,carrier,71.8
280,time_8,0.103765772,8,67.8,female,16,carrier,71.8
281,baseline,0.110473547,0,66.2,male,16,carrier,NA
281,time_2,0.108010138,2,66.2,male,16,carrier,NA
281,time_4,NA,4,66.2,male,16,carrier,NA
281,time_6,0.104006159,6,66.2,male,16,carrier,NA
281,time_8,0.107353915,8,66.2,male,16,carrier,NA
282,baseline,0.104402165,0,63.8,female,16,carrier,NA
282,time_2,0.108249718,2,63.8,female,16,carrier,NA
282,time_4,0.10804157,4,63.8,female,16,carrier,NA
282,time_6,0.109605801,6,63.8,female,16,carrier,NA
282,time_8,NA,8,63.8,female,16,carrier,NA
284,baseline,0.110562425,0,62.9,female,16,non_carrier,NA
284,time_2,0.108796483,2,62.9,female,16,non_carrier,NA
284,time_4,0.112317119,4,62.9,female,16,non_carrier,NA
284,time_6,0.110036624,6,62.9,female,16,non_carrier,NA
284,time_8,NA,8,62.9,female,16,non_carrier,NA
285,baseline,0.110865277,0,63.3,female,12,non_carrier,NA
285,time_2,0.109180323,2,63.3,female,12,non_carrier,NA
285,time_4,0.112288201,4,63.3,female,12,non_carrier,NA
285,time_6,0.109383084,6,63.3,female,12,non_carrier,NA
285,time_8,0.111657097,8,63.3,female,12,non_carrier,NA
286,baseline,0.111565534,0,62,male,16,carrier,67.4
286,time_2,0.108984251,2,62,male,16,carrier,67.4
286,time_4,NA,4,62,male,16,carrier,67.4
286,time_6,0.10878002,6,62,male,16,carrier,67.4
286,time_8,0.104227529,8,62,male,16,carrier,67.4
287,baseline,0.108545195,0,63,male,16,carrier,68
287,time_2,0.109804562,2,63,male,16,carrier,68
287,time_4,0.112595781,4,63,male,16,carrier,68
287,time_6,0.109277394,6,63,male,16,carrier,68
287,time_8,0.107288238,8,63,male,16,carrier,68
288,baseline,0.11249236,0,67.8,female,16,non_carrier,NA
288,time_2,0.110777255,2,67.8,female,16,non_carrier,NA
288,time_4,0.107696427,4,67.8,female,16,non_carrier,NA
288,time_6,0.111126742,6,67.8,female,16,non_carrier,NA
288,time_8,0.105490944,8,67.8,female,16,non_carrier,NA
289,baseline,0.106628753,0,66.3,male,18,carrier,74.1
289,time_2,NA,2,66.3,male,18,carrier,74.1
289,time_4,0.111128361,4,66.3,male,18,carrier,74.1
289,time_6,0.105573514,6,66.3,male,18,carrier,74.1
289,time_8,0.108340662,8,66.3,male,18,carrier,74.1
290,baseline,0.111066618,0,68,male,12,non_carrier,NA
290,time_2,0.111884626,2,68,male,12,non_carrier,NA
290,time_4,0.107022236,4,68,male,12,non_carrier,NA
290,time_6,0.107180728,6,68,male,12,non_carrier,NA
290,time_8,0.113024817,8,68,male,12,non_carrier,NA
291,baseline,0.112938689,0,63.8,male,16,non_carrier,NA
291,time_2,0.112360489,2,63.8,male,16,non_carrier,NA
291,time_4,0.105943608,4,63.8,male,16,non_carrier,NA
291,time_6,0.11360883,6,63.8,male,16,non_carrier,NA
291,time_8,0.109912138,8,63.8,male,16,non_carrier,NA
292,baseline,0.112005473,0,66.1,female,18,non_carrier,70.2
292,time_2,0.111128689,2,66.1,female,18,non_carrier,70.2
292,time_4,0.110529628,4,66.1,female,18,non_carrier,70.2
292,time_6,0.107524069,6,66.1,female,18,non_carrier,70.2
292,time_8,0.111213884,8,66.1,female,18,non_carrier,70.2
293,baseline,0.111427155,0,65.7,female,16,non_carrier,NA
293,time_2,NA,2,65.7,female,16,non_carrier,NA
293,time_4,NA,4,65.7,female,16,non_carrier,NA
293,time_6,NA,6,65.7,female,16,non_carrier,NA
293,time_8,0.105607142,8,65.7,female,16,non_carrier,NA
294,baseline,0.109276532,0,60.7,male,18,non_carrier,NA
294,time_2,0.113026569,2,60.7,male,18,non_carrier,NA
294,time_4,0.111248602,4,60.7,male,18,non_carrier,NA
294,time_6,0.111423406,6,60.7,male,18,non_carrier,NA
294,time_8,0.111403693,8,60.7,male,18,non_carrier,NA
295,baseline,0.115606685,0,70.3,male,20,non_carrier,NA
295,time_2,NA,2,70.3,male,20,non_carrier,NA
295,time_4,0.108952132,4,70.3,male,20,non_carrier,NA
295,time_6,0.111533928,6,70.3,male,20,non_carrier,NA
295,time_8,0.10741593,8,70.3,male,20,non_carrier,NA
296,baseline,0.112392331,0,65.4,female,16,non_carrier,NA
296,time_2,NA,2,65.4,female,16,non_carrier,NA
296,time_4,0.109694398,4,65.4,female,16,non_carrier,NA
296,time_6,NA,6,65.4,female,16,non_carrier,NA
296,time_8,0.107521406,8,65.4,female,16,non_carrier,NA
297,baseline,0.112519791,0,67.3,male,16,carrier,73.9
297,time_2,0.107296829,2,67.3,male,16,carrier,73.9
297,time_4,0.109572724,4,67.3,male,16,carrier,73.9
297,time_6,0.107416099,6,67.3,male,16,carrier,73.9
297,time_8,0.105536131,8,67.3,male,16,carrier,73.9
298,baseline,0.105798635,0,67.9,male,16,non_carrier,NA
298,time_2,0.112435931,2,67.9,male,16,non_carrier,NA
298,time_4,0.108849157,4,67.9,male,16,non_carrier,NA
298,time_6,0.10870563,6,67.9,male,16,non_carrier,NA
298,time_8,0.107703482,8,67.9,male,16,non_carrier,NA
299,baseline,0.116699121,0,64.8,male,16,non_carrier,NA
299,time_2,0.109227089,2,64.8,male,16,non_carrier,NA
299,time_4,0.105374421,4,64.8,male,16,non_carrier,NA
299,time_6,0.111752382,6,64.8,male,16,non_carrier,NA
299,time_8,0.111579106,8,64.8,male,16,non_carrier,NA
300,baseline,0.109040582,0,64.1,male,16,carrier,NA
300,time_2,0.108295985,2,64.1,male,16,carrier,NA
300,time_4,0.111727067,4,64.1,male,16,carrier,NA
300,time_6,0.102941601,6,64.1,male,16,carrier,NA
300,time_8,0.104574502,8,64.1,male,16,carrier,NA
301,baseline,0.112105184,0,67.7,female,16,non_carrier,73.4
301,time_2,0.110651703,2,67.7,female,16,non_carrier,73.4
301,time_4,0.112009448,4,67.7,female,16,non_carrier,73.4
301,time_6,0.106664043,6,67.7,female,16,non_carrier,73.4
301,time_8,NA,8,67.7,female,16,non_carrier,73.4
302,baseline,0.112249076,0,61.9,male,16,carrier,NA
302,time_2,0.113542483,2,61.9,male,16,carrier,NA
302,time_4,0.108736248,4,61.9,male,16,carrier,NA
302,time_6,0.11236736,6,61.9,male,16,carrier,NA
302,time_8,0.111010295,8,61.9,male,16,carrier,NA
303,baseline,0.111620081,0,70.9,male,16,non_carrier,NA
303,time_2,0.110791889,2,70.9,male,16,non_carrier,NA
303,time_4,0.10645713,4,70.9,male,16,non_carrier,NA
303,time_6,0.1134974,6,70.9,male,16,non_carrier,NA
303,time_8,0.108602524,8,70.9,male,16,non_carrier,NA
305,baseline,0.106575146,0,70,female,18,carrier,77.2
305,time_2,0.109139729,2,70,female,18,carrier,77.2
305,time_4,0.107237307,4,70,female,18,carrier,77.2
305,time_6,0.100797063,6,70,female,18,carrier,77.2
305,time_8,0.103960862,8,70,female,18,carrier,77.2
306,baseline,0.107617927,0,69.5,female,16,non_carrier,72.6
306,time_2,0.10549774,2,69.5,female,16,non_carrier,72.6
306,time_4,0.105779618,4,69.5,female,16,non_carrier,72.6
306,time_6,0.104030737,6,69.5,female,16,non_carrier,72.6
306,time_8,0.103597858,8,69.5,female,16,non_carrier,72.6
307,baseline,0.115482975,0,65.2,male,16,non_carrier,NA
307,time_2,0.107838911,2,65.2,male,16,non_carrier,NA
307,time_4,NA,4,65.2,male,16,non_carrier,NA
307,time_6,0.110497676,6,65.2,male,16,non_carrier,NA
307,time_8,0.109453551,8,65.2,male,16,non_carrier,NA
308,baseline,0.107487702,0,66.7,female,12,carrier,NA
308,time_2,Na,2,66.7,female,12,carrier,NA
308,time_4,Na,4,66.7,female,12,carrier,NA
308,time_6,Na,6,66.7,female,12,carrier,NA
308,time_8,0.108283938,8,66.7,female,12,carrier,NA
309,baseline,0.113399772,0,61.9,female,18,non_carrier,NA
309,time_2,0.110750724,2,61.9,female,18,non_carrier,NA
309,time_4,0.113778394,4,61.9,female,18,non_carrier,NA
309,time_6,0.107296578,6,61.9,female,18,non_carrier,NA
309,time_8,0.109604379,8,61.9,female,18,non_carrier,NA
310,baseline,0.109270887,0,66,male,16,carrier,NA
310,time_2,0.109795055,2,66,male,16,carrier,NA
310,time_4,NA,4,66,male,16,carrier,NA
310,time_6,0.112093,6,66,male,16,carrier,NA
310,time_8,0.104375674,8,66,male,16,carrier,NA
311,baseline,0.109151165,0,68.1,male,16,non_carrier,NA
311,time_2,0.116141701,2,68.1,male,16,non_carrier,NA
311,time_4,0.111349996,4,68.1,male,16,non_carrier,NA
311,time_6,0.108476817,6,68.1,male,16,non_carrier,NA
311,time_8,0.106779606,8,68.1,male,16,non_carrier,NA
312,baseline,0.113459428,0,65.3,male,16,non_carrier,NA
312,time_2,0.112235,2,65.3,male,16,non_carrier,NA
312,time_4,0.108101136,4,65.3,male,16,non_carrier,NA
312,time_6,0.110134979,6,65.3,male,16,non_carrier,NA
312,time_8,0.11098663,8,65.3,male,16,non_carrier,NA
313,baseline,0.11398153,0,63.6,male,18,non_carrier,NA
313,time_2,0.10963414,2,63.6,male,18,non_carrier,NA
313,time_4,0.116096237,4,63.6,male,18,non_carrier,NA
313,time_6,0.108574278,6,63.6,male,18,non_carrier,NA
313,time_8,0.110701158,8,63.6,male,18,non_carrier,NA
314,baseline,0.114488695,0,63,female,16,non_carrier,68.7
314,time_2,0.111534036,2,63,female,16,non_carrier,68.7
314,time_4,0.113995497,4,63,female,16,non_carrier,68.7
314,time_6,0.116064016,6,63,female,16,non_carrier,68.7
314,time_8,0.111072404,8,63,female,16,non_carrier,68.7
315,baseline,0.113616693,0,64.9,female,16,non_carrier,NA
315,time_2,0.108476844,2,64.9,female,16,non_carrier,NA
315,time_4,0.113857059,4,64.9,female,16,non_carrier,NA
315,time_6,0.109308933,6,64.9,female,16,non_carrier,NA
315,time_8,0.109643453,8,64.9,female,16,non_carrier,NA
316,baseline,0.110549067,0,68.2,female,16,non_carrier,NA
316,time_2,0.109248731,2,68.2,female,16,non_carrier,NA
316,time_4,0.113612053,4,68.2,female,16,non_carrier,NA
316,time_6,0.112858701,6,68.2,female,16,non_carrier,NA
316,time_8,0.105875249,8,68.2,female,16,non_carrier,NA
317,baseline,0.112034133,0,63.5,male,18,non_carrier,NA
317,time_2,0.112309047,2,63.5,male,18,non_carrier,NA
317,time_4,NA,4,63.5,male,18,non_carrier,NA
317,time_6,0.112345414,6,63.5,male,18,non_carrier,NA
317,time_8,0.111621207,8,63.5,male,18,non_carrier,NA
318,baseline,0.115707722,0,64.6,male,12,non_carrier,NA
318,time_2,0.11007876,2,64.6,male,12,non_carrier,NA
318,time_4,0.113527599,4,64.6,male,12,non_carrier,NA
318,time_6,0.112651493,6,64.6,male,12,non_carrier,NA
318,time_8,0.109620327,8,64.6,male,12,non_carrier,NA
319,baseline,0.109862404,0,61.1,female,16,non_carrier,NA
319,time_2,0.111428595,2,61.1,female,16,non_carrier,NA
319,time_4,0.115099192,4,61.1,female,16,non_carrier,NA
319,time_6,0.112269423,6,61.1,female,16,non_carrier,NA
319,time_8,0.111311591,8,61.1,female,16,non_carrier,NA
320,baseline,0.105694718,0,66.5,male,18,non_carrier,NA
320,time_2,0.111338767,2,66.5,male,18,non_carrier,NA
320,time_4,0.112005666,4,66.5,male,18,non_carrier,NA
320,time_6,0.107506531,6,66.5,male,18,non_carrier,NA
320,time_8,0.108281493,8,66.5,male,18,non_carrier,NA
321,baseline,0.110760407,0,68.9,female,16,non_carrier,NA
321,time_2,0.109764055,2,68.9,female,16,non_carrier,NA
321,time_4,0.110853382,4,68.9,female,16,non_carrier,NA
321,time_6,0.107816785,6,68.9,female,16,non_carrier,NA
321,time_8,0.107352739,8,68.9,female,16,non_carrier,NA
322,baseline,0.110046891,0,69.5,male,20,carrier,NA
322,time_2,0.1071658,2,69.5,male,20,carrier,NA
322,time_4,0.103712548,4,69.5,male,20,carrier,NA
322,time_6,0.103892805,6,69.5,male,20,carrier,NA
322,time_8,0.106774995,8,69.5,male,20,carrier,NA
323,baseline,0.108951493,0,67.4,female,16,carrier,73.9
323,time_2,0.108156014,2,67.4,female,16,carrier,73.9
323,time_4,0.107161066,4,67.4,female,16,carrier,73.9
323,time_6,0.107789675,6,67.4,female,16,carrier,73.9
323,time_8,0.103367206,8,67.4,female,16,carrier,73.9
324,baseline,0.117636767,0,59.4,male,16,non_carrier,NA
324,time_2,0.110695721,2,59.4,male,16,non_carrier,NA
324,time_4,0.114759173,4,59.4,male,16,non_carrier,NA
324,time_6,0.1114577,6,59.4,male,16,non_carrier,NA
324,time_8,0.113260306,8,59.4,male,16,non_carrier,NA
325,baseline,0.111746455,0,66.4,male,16,non_carrier,NA
325,time_2,0.110269495,2,66.4,male,16,non_carrier,NA
325,time_4,NA,4,66.4,male,16,non_carrier,NA
325,time_6,0.110695295,6,66.4,male,16,non_carrier,NA
325,time_8,NA,8,66.4,male,16,non_carrier,NA
326,baseline,0.110459106,0,66.4,female,16,non_carrier,NA
326,time_2,0.108283669,2,66.4,female,16,non_carrier,NA
326,time_4,0.112225585,4,66.4,female,16,non_carrier,NA
326,time_6,0.109015141,6,66.4,female,16,non_carrier,NA
326,time_8,0.108830284,8,66.4,female,16,non_carrier,NA
327,baseline,0.115914075,0,63.9,male,16,non_carrier,NA
327,time_2,0.116057447,2,63.9,male,16,non_carrier,NA
327,time_4,0.115017143,4,63.9,male,16,non_carrier,NA
327,time_6,0.110124237,6,63.9,male,16,non_carrier,NA
327,time_8,0.111642089,8,63.9,male,16,non_carrier,NA
328,baseline,0.116053343,0,65.5,male,16,non_carrier,71
328,time_2,0.108732458,2,65.5,male,16,non_carrier,71
328,time_4,0.107981127,4,65.5,male,16,non_carrier,71
328,time_6,0.110412399,6,65.5,male,16,non_carrier,71
328,time_8,0.107545571,8,65.5,male,16,non_carrier,71
329,baseline,0.118405048,0,62.4,male,12,non_carrier,NA
329,time_2,0.115540114,2,62.4,male,12,non_carrier,NA
329,time_4,NA,4,62.4,male,12,non_carrier,NA
329,time_6,NA,6,62.4,male,12,non_carrier,NA
329,time_8,0.112550817,8,62.4,male,12,non_carrier,NA
330,baseline,0.108252386,0,67,female,18,carrier,NA
330,time_2,0.111444278,2,67,female,18,carrier,NA
330,time_4,0.106592298,4,67,female,18,carrier,NA
330,time_6,0.109460717,6,67,female,18,carrier,NA
330,time_8,0.1008376,8,67,female,18,carrier,NA
331,baseline,0.110435676,0,64,male,16,non_carrier,NA
331,time_2,0.112514085,2,64,male,16,non_carrier,NA
331,time_4,0.110385854,4,64,male,16,non_carrier,NA
331,time_6,0.109035814,6,64,male,16,non_carrier,NA
331,time_8,0.107564188,8,64,male,16,non_carrier,NA
332,baseline,0.111728742,0,60.3,female,12,non_carrier,NA
332,time_2,0.108822039,2,60.3,female,12,non_carrier,NA
332,time_4,0.110103497,4,60.3,female,12,non_carrier,NA
332,time_6,0.112970507,6,60.3,female,12,non_carrier,NA
332,time_8,0.108582532,8,60.3,female,12,non_carrier,NA
333,baseline,0.111548636,0,63.9,male,16,carrier,NA
333,time_2,NA,2,63.9,male,16,carrier,NA
333,time_4,0.109071931,4,63.9,male,16,carrier,NA
333,time_6,0.103038004,6,63.9,male,16,carrier,NA
333,time_8,0.102900066,8,63.9,male,16,carrier,NA
334,baseline,0.11141818,0,69.1,male,20,non_carrier,NA
334,time_2,NA,2,69.1,male,20,non_carrier,NA
334,time_4,0.111873356,4,69.1,male,20,non_carrier,NA
334,time_6,0.108872776,6,69.1,male,20,non_carrier,NA
334,time_8,0.111261354,8,69.1,male,20,non_carrier,NA
335,baseline,0.111391532,0,64,female,18,non_carrier,NA
335,time_2,0.111003399,2,64,female,18,non_carrier,NA
335,time_4,0.113789554,4,64,female,18,non_carrier,NA
335,time_6,0.107122912,6,64,female,18,non_carrier,NA
335,time_8,0.108727152,8,64,female,18,non_carrier,NA
336,baseline,0.105515499,0,67.2,female,16,carrier,73.7
336,time_2,0.105559957,2,67.2,female,16,carrier,73.7
336,time_4,0.102679883,4,67.2,female,16,carrier,73.7
336,time_6,0.10569702,6,67.2,female,16,carrier,73.7
336,time_8,0.10640764,8,67.2,female,16,carrier,73.7
337,baseline,0.110234919,0,67.8,female,16,non_carrier,75
337,time_2,0.109115569,2,67.8,female,16,non_carrier,75
337,time_4,0.110457079,4,67.8,female,16,non_carrier,75
337,time_6,0.111424351,6,67.8,female,16,non_carrier,75
337,time_8,0.109695757,8,67.8,female,16,non_carrier,75
338,baseline,0.113154484,0,65,female,16,non_carrier,70.8
338,time_2,0.113866071,2,65,female,16,non_carrier,70.8
338,time_4,0.107875179,4,65,female,16,non_carrier,70.8
338,time_6,0.109168346,6,65,female,16,non_carrier,70.8
338,time_8,0.110056896,8,65,female,16,non_carrier,70.8
339,baseline,0.110406213,0,63.9,female,12,non_carrier,NA
339,time_2,0.112662758,2,63.9,female,12,non_carrier,NA
339,time_4,0.110582059,4,63.9,female,12,non_carrier,NA
339,time_6,0.11202907,6,63.9,female,12,non_carrier,NA
339,time_8,0.105121096,8,63.9,female,12,non_carrier,NA
340,baseline,0.113770508,0,63.4,male,16,non_carrier,NA
340,time_2,NA,2,63.4,male,16,non_carrier,NA
340,time_4,0.112908654,4,63.4,male,16,non_carrier,NA
340,time_6,0.11424814,6,63.4,male,16,non_carrier,NA
340,time_8,0.110175098,8,63.4,male,16,non_carrier,NA
341,baseline,0.111485238,0,67.2,male,18,non_carrier,NA
341,time_2,0.112988368,2,67.2,male,18,non_carrier,NA
341,time_4,0.109995956,4,67.2,male,18,non_carrier,NA
341,time_6,NA,6,67.2,male,18,non_carrier,NA
341,time_8,0.113725839,8,67.2,male,18,non_carrier,NA
342,baseline,0.112281092,0,61.8,male,20,non_carrier,NA
342,time_2,0.110454111,2,61.8,male,20,non_carrier,NA
342,time_4,0.115212181,4,61.8,male,20,non_carrier,NA
342,time_6,0.113150469,6,61.8,male,20,non_carrier,NA
342,time_8,0.112476619,8,61.8,male,20,non_carrier,NA
343,baseline,0.109000592,0,65.7,female,12,non_carrier,NA
343,time_2,0.110828555,2,65.7,female,12,non_carrier,NA
343,time_4,0.112152791,4,65.7,female,12,non_carrier,NA
343,time_6,0.108346107,6,65.7,female,12,non_carrier,NA
343,time_8,0.109229455,8,65.7,female,12,non_carrier,NA
344,baseline,0.104493777,0,64.1,male,12,carrier,NA
344,time_2,0.111410573,2,64.1,male,12,carrier,NA
344,time_4,0.105177412,4,64.1,male,12,carrier,NA
344,time_6,0.104139524,6,64.1,male,12,carrier,NA
344,time_8,0.109674178,8,64.1,male,12,carrier,NA
345,baseline,0.116500043,0,58.2,male,18,non_carrier,NA
345,time_2,0.11281317,2,58.2,male,18,non_carrier,NA
345,time_4,0.112476877,4,58.2,male,18,non_carrier,NA
345,time_6,0.114786475,6,58.2,male,18,non_carrier,NA
345,time_8,NA,8,58.2,male,18,non_carrier,NA
346,baseline,0.110422587,0,60.8,male,16,carrier,NA
346,time_2,0.108413615,2,60.8,male,16,carrier,NA
346,time_4,0.108349732,4,60.8,male,16,carrier,NA
346,time_6,0.109511885,6,60.8,male,16,carrier,NA
346,time_8,NA,8,60.8,male,16,carrier,NA
347,baseline,0.106142357,0,67.7,male,16,carrier,68.9
347,time_2,0.105404684,2,67.7,male,16,carrier,68.9
347,time_4,0.106038639,4,67.7,male,16,carrier,68.9
347,time_6,0.104798607,6,67.7,male,16,carrier,68.9
347,time_8,0.102539751,8,67.7,male,16,carrier,68.9
348,baseline,0.108953572,0,64.4,male,16,carrier,70.4
348,time_2,0.109108861,2,64.4,male,16,carrier,70.4
348,time_4,0.10913821,4,64.4,male,16,carrier,70.4
348,time_6,0.111055899,6,64.4,male,16,carrier,70.4
348,time_8,0.111664612,8,64.4,male,16,carrier,70.4
349,baseline,0.108418448,0,67.4,female,18,carrier,70
349,time_2,NA,2,67.4,female,18,carrier,70
349,time_4,0.107116982,4,67.4,female,18,carrier,70
349,time_6,0.101918841,6,67.4,female,18,carrier,70
349,time_8,NA,8,67.4,female,18,carrier,70
350,baseline,0.104448098,0,70.7,female,16,carrier,75.2
350,time_2,0.106251499,2,70.7,female,16,carrier,75.2
350,time_4,0.109105546,4,70.7,female,16,carrier,75.2
350,time_6,0.105341362,6,70.7,female,16,carrier,75.2
350,time_8,0.102666049,8,70.7,female,16,carrier,75.2
351,baseline,0.109113066,0,69.4,male,16,carrier,76.6
351,time_2,0.110681827,2,69.4,male,16,carrier,76.6
351,time_4,0.104622912,4,69.4,male,16,carrier,76.6
351,time_6,0.107114993,6,69.4,male,16,carrier,76.6
351,time_8,0.10775628,8,69.4,male,16,carrier,76.6
352,baseline,0.107347915,0,67,male,16,carrier,69.3
352,time_2,0.108997259,2,67,male,16,carrier,69.3
352,time_4,0.106503869,4,67,male,16,carrier,69.3
352,time_6,0.105619654,6,67,male,16,carrier,69.3
352,time_8,NA,8,67,male,16,carrier,69.3
353,baseline,0.111763353,0,66.1,male,16,non_carrier,NA
353,time_2,NA,2,66.1,male,16,non_carrier,NA
353,time_4,0.109917251,4,66.1,male,16,non_carrier,NA
353,time_6,0.108258176,6,66.1,male,16,non_carrier,NA
353,time_8,0.104794024,8,66.1,male,16,non_carrier,NA
354,baseline,0.107791322,0,64.4,male,20,carrier,NA
354,time_2,0.112454752,2,64.4,male,20,carrier,NA
354,time_4,0.10789639,4,64.4,male,20,carrier,NA
354,time_6,0.104688733,6,64.4,male,20,carrier,NA
354,time_8,Na,8,64.4,male,20,carrier,NA
355,baseline,0.104675217,0,69.7,male,16,carrier,75.3
355,time_2,NA,2,69.7,male,16,carrier,75.3
355,time_4,0.108340642,4,69.7,male,16,carrier,75.3
355,time_6,NA,6,69.7,male,16,carrier,75.3
355,time_8,0.105741631,8,69.7,male,16,carrier,75.3
356,baseline,0.109379105,0,66.8,female,20,non_carrier,NA
356,time_2,0.106965433,2,66.8,female,20,non_carrier,NA
356,time_4,0.10815293,4,66.8,female,20,non_carrier,NA
356,time_6,0.107072946,6,66.8,female,20,non_carrier,NA
356,time_8,0.106135638,8,66.8,female,20,non_carrier,NA
357,baseline,0.112494164,0,61.5,female,20,non_carrier,NA
357,time_2,0.11410471,2,61.5,female,20,non_carrier,NA
357,time_4,0.111288572,4,61.5,female,20,non_carrier,NA
357,time_6,0.106142726,6,61.5,female,20,non_carrier,NA
357,time_8,0.114108779,8,61.5,female,20,non_carrier,NA
358,baseline,0.111928654,0,64.5,male,12,carrier,NA
358,time_2,0.114038778,2,64.5,male,12,carrier,NA
358,time_4,0.107494751,4,64.5,male,12,carrier,NA
358,time_6,NA,6,64.5,male,12,carrier,NA
358,time_8,0.107222869,8,64.5,male,12,carrier,NA
359,baseline,0.113600273,0,59.2,male,18,non_carrier,NA
359,time_2,0.111886881,2,59.2,male,18,non_carrier,NA
359,time_4,0.109824882,4,59.2,male,18,non_carrier,NA
359,time_6,0.114763061,6,59.2,male,18,non_carrier,NA
359,time_8,0.114664764,8,59.2,male,18,non_carrier,NA
360,baseline,0.114141051,0,64.4,female,18,non_carrier,NA
360,time_2,NA,2,64.4,female,18,non_carrier,NA
360,time_4,0.110864882,4,64.4,female,18,non_carrier,NA
360,time_6,0.110135116,6,64.4,female,18,non_carrier,NA
360,time_8,0.113347124,8,64.4,female,18,non_carrier,NA
361,baseline,0.109644487,0,57.2,female,18,carrier,NA
361,time_2,0.10848668,2,57.2,female,18,carrier,NA
361,time_4,0.110209973,4,57.2,female,18,carrier,NA
361,time_6,NA,6,57.2,female,18,carrier,NA
361,time_8,0.105284681,8,57.2,female,18,carrier,NA
362,baseline,0.108106556,0,68.9,female,16,non_carrier,NA
362,time_2,0.110510273,2,68.9,female,16,non_carrier,NA
362,time_4,0.112962497,4,68.9,female,16,non_carrier,NA
362,time_6,0.111523124,6,68.9,female,16,non_carrier,NA
362,time_8,0.105103376,8,68.9,female,16,non_carrier,NA
363,baseline,0.113522295,0,63.1,male,20,non_carrier,NA
363,time_2,0.117107644,2,63.1,male,20,non_carrier,NA
363,time_4,0.114966008,4,63.1,male,20,non_carrier,NA
363,time_6,0.113233396,6,63.1,male,20,non_carrier,NA
363,time_8,0.110902281,8,63.1,male,20,non_carrier,NA
364,baseline,0.115713628,0,63.7,male,18,non_carrier,NA
364,time_2,0.114708754,2,63.7,male,18,non_carrier,NA
364,time_4,0.111139421,4,63.7,male,18,non_carrier,NA
364,time_6,0.109152422,6,63.7,male,18,non_carrier,NA
364,time_8,0.109602494,8,63.7,male,18,non_carrier,NA
365,baseline,0.108368155,0,64.5,female,16,non_carrier,67.7
365,time_2,0.11282099,2,64.5,female,16,non_carrier,67.7
365,time_4,0.109700177,4,64.5,female,16,non_carrier,67.7
365,time_6,0.103664695,6,64.5,female,16,non_carrier,67.7
365,time_8,0.104995131,8,64.5,female,16,non_carrier,67.7
366,baseline,0.109407468,0,66.8,male,16,carrier,72.8
366,time_2,0.110142355,2,66.8,male,16,carrier,72.8
366,time_4,0.108078589,4,66.8,male,16,carrier,72.8
366,time_6,0.104223474,6,66.8,male,16,carrier,72.8
366,time_8,0.103784985,8,66.8,male,16,carrier,72.8
367,baseline,0.117689024,0,67,female,16,non_carrier,NA
367,time_2,0.113237952,2,67,female,16,non_carrier,NA
367,time_4,0.110079891,4,67,female,16,non_carrier,NA
367,time_6,0.108484313,6,67,female,16,non_carrier,NA
367,time_8,0.107956096,8,67,female,16,non_carrier,NA
368,baseline,0.113687194,0,66.7,male,16,non_carrier,NA
368,time_2,0.11075241,2,66.7,male,16,non_carrier,NA
368,time_4,0.109373128,4,66.7,male,16,non_carrier,NA
368,time_6,0.109307354,6,66.7,male,16,non_carrier,NA
368,time_8,0.109312173,8,66.7,male,16,non_carrier,NA
369,baseline,0.111860082,0,63.3,male,18,carrier,68.6
369,time_2,0.104362159,2,63.3,male,18,carrier,68.6
369,time_4,0.112709888,4,63.3,male,18,carrier,68.6
369,time_6,0.107915913,6,63.3,male,18,carrier,68.6
369,time_8,0.107131432,8,63.3,male,18,carrier,68.6
370,baseline,0.110829401,0,60.9,female,16,carrier,NA
370,time_2,0.1073372,2,60.9,female,16,carrier,NA
370,time_4,0.105705433,4,60.9,female,16,carrier,NA
370,time_6,0.105315475,6,60.9,female,16,carrier,NA
370,time_8,0.108028021,8,60.9,female,16,carrier,NA
371,baseline,0.110945361,0,63.8,male,12,carrier,NA
371,time_2,0.106288231,2,63.8,male,12,carrier,NA
371,time_4,0.108039492,4,63.8,male,12,carrier,NA
371,time_6,0.104458211,6,63.8,male,12,carrier,NA
371,time_8,0.10778224,8,63.8,male,12,carrier,NA
372,baseline,0.111068016,0,65.8,male,16,non_carrier,NA
372,time_2,0.109760332,2,65.8,male,16,non_carrier,NA
372,time_4,0.111484023,4,65.8,male,16,non_carrier,NA
372,time_6,0.112740921,6,65.8,male,16,non_carrier,NA
372,time_8,0.105904603,8,65.8,male,16,non_carrier,NA
373,baseline,0.11218911,0,62.5,male,16,non_carrier,66
373,time_2,0.117060394,2,62.5,male,16,non_carrier,66
373,time_4,0.113077811,4,62.5,male,16,non_carrier,66
373,time_6,0.116411516,6,62.5,male,16,non_carrier,66
373,time_8,0.106141346,8,62.5,male,16,non_carrier,66
374,baseline,0.112892498,0,64.8,male,18,non_carrier,NA
374,time_2,0.109846788,2,64.8,male,18,non_carrier,NA
374,time_4,0.11388343,4,64.8,male,18,non_carrier,NA
374,time_6,0.113533418,6,64.8,male,18,non_carrier,NA
374,time_8,0.110892797,8,64.8,male,18,non_carrier,NA
375,baseline,0.116373615,0,61.5,female,16,non_carrier,NA
375,time_2,0.114045047,2,61.5,female,16,non_carrier,NA
375,time_4,0.108029282,4,61.5,female,16,non_carrier,NA
375,time_6,0.109944121,6,61.5,female,16,non_carrier,NA
375,time_8,NA,8,61.5,female,16,non_carrier,NA
376,baseline,0.106348819,0,65,female,16,non_carrier,NA
376,time_2,NA,2,65,female,16,non_carrier,NA
376,time_4,0.109070689,4,65,female,16,non_carrier,NA
376,time_6,0.108450194,6,65,female,16,non_carrier,NA
376,time_8,0.106333398,8,65,female,16,non_carrier,NA
377,baseline,0.108737385,0,65.4,female,16,carrier,68.2
377,time_2,0.107877634,2,65.4,female,16,carrier,68.2
377,time_4,0.107528215,4,65.4,female,16,carrier,68.2
377,time_6,0.105783551,6,65.4,female,16,carrier,68.2
377,time_8,0.104676513,8,65.4,female,16,carrier,68.2
378,baseline,0.109343275,0,64.6,female,16,carrier,NA
378,time_2,0.106164941,2,64.6,female,16,carrier,NA
378,time_4,0.10911387,4,64.6,female,16,carrier,NA
378,time_6,0.108618298,6,64.6,female,16,carrier,NA
378,time_8,0.105794803,8,64.6,female,16,carrier,NA
379,baseline,0.112029532,0,64.5,male,16,non_carrier,70.9
379,time_2,0.112141415,2,64.5,male,16,non_carrier,70.9
379,time_4,NA,4,64.5,male,16,non_carrier,70.9
379,time_6,0.109489517,6,64.5,male,16,non_carrier,70.9
379,time_8,0.111288052,8,64.5,male,16,non_carrier,70.9
381,baseline,0.105097823,0,67.3,female,16,carrier,NA
381,time_2,0.105778185,2,67.3,female,16,carrier,NA
381,time_4,0.105547155,4,67.3,female,16,carrier,NA
381,time_6,0.107949234,6,67.3,female,16,carrier,NA
381,time_8,NA,8,67.3,female,16,carrier,NA
382,baseline,0.110064878,0,68.3,female,20,non_carrier,NA
382,time_2,0.108051924,2,68.3,female,20,non_carrier,NA
382,time_4,0.110050517,4,68.3,female,20,non_carrier,NA
382,time_6,NA,6,68.3,female,20,non_carrier,NA
382,time_8,0.102225526,8,68.3,female,20,non_carrier,NA
383,baseline,0.115607319,0,62.2,male,18,non_carrier,NA
383,time_2,0.113823446,2,62.2,male,18,non_carrier,NA
383,time_4,NA,4,62.2,male,18,non_carrier,NA
383,time_6,0.111752933,6,62.2,male,18,non_carrier,NA
383,time_8,0.109090812,8,62.2,male,18,non_carrier,NA
384,baseline,0.116961073,0,65.5,male,16,non_carrier,NA
384,time_2,0.111892878,2,65.5,male,16,non_carrier,NA
384,time_4,0.114093577,4,65.5,male,16,non_carrier,NA
384,time_6,0.113339185,6,65.5,male,16,non_carrier,NA
384,time_8,0.108094695,8,65.5,male,16,non_carrier,NA
385,baseline,0.109777183,0,68.5,male,20,non_carrier,NA
385,time_2,0.11124558,2,68.5,male,20,non_carrier,NA
385,time_4,0.109140882,4,68.5,male,20,non_carrier,NA
385,time_6,0.111784382,6,68.5,male,20,non_carrier,NA
385,time_8,0.109038636,8,68.5,male,20,non_carrier,NA
386,baseline,0.11034442,0,64.8,male,16,carrier,NA
386,time_2,0.10479554,2,64.8,male,16,carrier,NA
386,time_4,0.106479322,4,64.8,male,16,carrier,NA
386,time_6,0.107866499,6,64.8,male,16,carrier,NA
386,time_8,0.107554171,8,64.8,male,16,carrier,NA
387,baseline,0.109151568,0,58.6,male,16,carrier,NA
387,time_2,0.110664587,2,58.6,male,16,carrier,NA
387,time_4,0.109132555,4,58.6,male,16,carrier,NA
387,time_6,0.111064613,6,58.6,male,16,carrier,NA
387,time_8,NA,8,58.6,male,16,carrier,NA
388,baseline,0.111076193,0,66,female,16,non_carrier,NA
388,time_2,0.112819993,2,66,female,16,non_carrier,NA
388,time_4,0.109345677,4,66,female,16,non_carrier,NA
388,time_6,0.109233323,6,66,female,16,non_carrier,NA
388,time_8,0.108428963,8,66,female,16,non_carrier,NA
390,baseline,0.111920365,0,62.6,female,16,non_carrier,NA
390,time_2,0.113983819,2,62.6,female,16,non_carrier,NA
390,time_4,NA,4,62.6,female,16,non_carrier,NA
390,time_6,0.109467492,6,62.6,female,16,non_carrier,NA
390,time_8,0.110308657,8,62.6,female,16,non_carrier,NA
391,baseline,0.10836807,0,69,female,18,non_carrier,NA
391,time_2,0.108527408,2,69,female,18,non_carrier,NA
391,time_4,0.103724591,4,69,female,18,non_carrier,NA
391,time_6,0.106425933,6,69,female,18,non_carrier,NA
391,time_8,0.108418488,8,69,female,18,non_carrier,NA
392,baseline,0.116843254,0,66.8,male,16,non_carrier,NA
392,time_2,0.106764016,2,66.8,male,16,non_carrier,NA
392,time_4,0.110888815,4,66.8,male,16,non_carrier,NA
392,time_6,0.108226146,6,66.8,male,16,non_carrier,NA
392,time_8,0.108759893,8,66.8,male,16,non_carrier,NA
393,baseline,0.113067002,0,68.3,male,12,non_carrier,NA
393,time_2,0.108511981,2,68.3,male,12,non_carrier,NA
393,time_4,0.107983711,4,68.3,male,12,non_carrier,NA
393,time_6,NA,6,68.3,male,12,non_carrier,NA
393,time_8,0.105484627,8,68.3,male,12,non_carrier,NA
394,baseline,0.107519754,0,65.9,female,16,non_carrier,NA
394,time_2,0.109540134,2,65.9,female,16,non_carrier,NA
394,time_4,0.108905792,4,65.9,female,16,non_carrier,NA
394,time_6,0.105652384,6,65.9,female,16,non_carrier,NA
394,time_8,0.10604638,8,65.9,female,16,non_carrier,NA
395,baseline,0.111582619,0,64.7,female,12,non_carrier,NA
395,time_2,0.107791941,2,64.7,female,12,non_carrier,NA
395,time_4,0.113191559,4,64.7,female,12,non_carrier,NA
395,time_6,0.105054008,6,64.7,female,12,non_carrier,NA
395,time_8,0.106679047,8,64.7,female,12,non_carrier,NA
396,baseline,0.113999488,0,62.2,male,18,non_carrier,NA
396,time_2,0.110374196,2,62.2,male,18,non_carrier,NA
396,time_4,0.111588415,4,62.2,male,18,non_carrier,NA
396,time_6,0.109551012,6,62.2,male,18,non_carrier,NA
396,time_8,0.112205359,8,62.2,male,18,non_carrier,NA
397,baseline,0.110763293,0,69.8,female,16,non_carrier,NA
397,time_2,0.11086958,2,69.8,female,16,non_carrier,NA
397,time_4,0.109251204,4,69.8,female,16,non_carrier,NA
397,time_6,0.112401154,6,69.8,female,16,non_carrier,NA
397,time_8,0.107010352,8,69.8,female,16,non_carrier,NA
398,baseline,0.111776578,0,65.1,female,16,non_carrier,73
398,time_2,0.107324817,2,65.1,female,16,non_carrier,73
398,time_4,NA,4,65.1,female,16,non_carrier,73
398,time_6,0.111445759,6,65.1,female,16,non_carrier,73
398,time_8,0.108830555,8,65.1,female,16,non_carrier,73
399,baseline,0.117121943,0,62.9,male,18,non_carrier,NA
399,time_2,0.11711734,2,62.9,male,18,non_carrier,NA
399,time_4,0.11008985,4,62.9,male,18,non_carrier,NA
399,time_6,0.106788506,6,62.9,male,18,non_carrier,NA
399,time_8,0.113044637,8,62.9,male,18,non_carrier,NA
400,baseline,0.114692751,0,67.6,female,16,non_carrier,71.9
400,time_2,0.112106311,2,67.6,female,16,non_carrier,71.9
400,time_4,NA,4,67.6,female,16,non_carrier,71.9
400,time_6,0.108426877,6,67.6,female,16,non_carrier,71.9
400,time_8,0.107638328,8,67.6,female,16,non_carrier,71.9
401,baseline,0.112569102,0,68.2,male,20,non_carrier,NA
401,time_2,0.111576061,2,68.2,male,20,non_carrier,NA
401,time_4,0.108709817,4,68.2,male,20,non_carrier,NA
401,time_6,0.108169892,6,68.2,male,20,non_carrier,NA
401,time_8,0.109443157,8,68.2,male,20,non_carrier,NA
402,baseline,0.107932575,0,70.7,female,16,non_carrier,NA
402,time_2,0.109955897,2,70.7,female,16,non_carrier,NA
402,time_4,0.109138644,4,70.7,female,16,non_carrier,NA
402,time_6,0.106436528,6,70.7,female,16,non_carrier,NA
402,time_8,0.106433783,8,70.7,female,16,non_carrier,NA
403,baseline,0.108716933,0,63.2,female,16,carrier,NA
403,time_2,0.112528009,2,63.2,female,16,carrier,NA
403,time_4,0.105718947,4,63.2,female,16,carrier,NA
403,time_6,0.105514681,6,63.2,female,16,carrier,NA
403,time_8,0.109671392,8,63.2,female,16,carrier,NA
404,baseline,0.106223701,0,63.8,male,20,carrier,NA
404,time_2,0.111414357,2,63.8,male,20,carrier,NA
404,time_4,0.104911411,4,63.8,male,20,carrier,NA
404,time_6,NA,6,63.8,male,20,carrier,NA
404,time_8,NA,8,63.8,male,20,carrier,NA
405,baseline,0.112091811,0,63.8,male,18,non_carrier,NA
405,time_2,0.110110034,2,63.8,male,18,non_carrier,NA
405,time_4,0.112359417,4,63.8,male,18,non_carrier,NA
405,time_6,0.10680939,6,63.8,male,18,non_carrier,NA
405,time_8,0.110450379,8,63.8,male,18,non_carrier,NA
406,baseline,0.110644536,0,63.9,female,16,non_carrier,NA
406,time_2,0.113750326,2,63.9,female,16,non_carrier,NA
406,time_4,0.113785139,4,63.9,female,16,non_carrier,NA
406,time_6,0.108150086,6,63.9,female,16,non_carrier,NA
406,time_8,0.108537751,8,63.9,female,16,non_carrier,NA
407,baseline,0.113153337,0,63.9,male,16,non_carrier,NA
407,time_2,0.114635971,2,63.9,male,16,non_carrier,NA
407,time_4,0.114431707,4,63.9,male,16,non_carrier,NA
407,time_6,0.1137278,6,63.9,male,16,non_carrier,NA
407,time_8,0.109429577,8,63.9,male,16,non_carrier,NA
408,baseline,0.110779441,0,64.1,male,20,carrier,70.2
408,time_2,0.11081594,2,64.1,male,20,carrier,70.2
408,time_4,0.111759647,4,64.1,male,20,carrier,70.2
408,time_6,0.10560759,6,64.1,male,20,carrier,70.2
408,time_8,0.11096394,8,64.1,male,20,carrier,70.2
409,baseline,0.109306118,0,69.3,male,16,carrier,75.2
409,time_2,0.109355444,2,69.3,male,16,carrier,75.2
409,time_4,0.104203305,4,69.3,male,16,carrier,75.2
409,time_6,0.104801719,6,69.3,male,16,carrier,75.2
409,time_8,0.104392625,8,69.3,male,16,carrier,75.2
410,baseline,0.111475498,0,62.9,male,16,non_carrier,NA
410,time_2,NA,2,62.9,male,16,non_carrier,NA
410,time_4,0.10934428,4,62.9,male,16,non_carrier,NA
410,time_6,0.111442617,6,62.9,male,16,non_carrier,NA
410,time_8,NA,8,62.9,male,16,non_carrier,NA
411,baseline,0.10826737,0,63.8,male,16,carrier,NA
411,time_2,0.104959222,2,63.8,male,16,carrier,NA
411,time_4,0.109323546,4,63.8,male,16,carrier,NA
411,time_6,0.108688383,6,63.8,male,16,carrier,NA
411,time_8,0.108075209,8,63.8,male,16,carrier,NA
413,baseline,0.108723744,0,68.4,male,20,non_carrier,NA
413,time_2,0.111658125,2,68.4,male,20,non_carrier,NA
413,time_4,0.108361884,4,68.4,male,20,non_carrier,NA
413,time_6,0.109812625,6,68.4,male,20,non_carrier,NA
413,time_8,0.108399149,8,68.4,male,20,non_carrier,NA
414,baseline,0.112159297,0,62.7,female,16,non_carrier,NA
414,time_2,NA,2,62.7,female,16,non_carrier,NA
414,time_4,0.110668669,4,62.7,female,16,non_carrier,NA
414,time_6,0.109035478,6,62.7,female,16,non_carrier,NA
414,time_8,0.107674925,8,62.7,female,16,non_carrier,NA
415,baseline,0.112331985,0,63.5,male,18,non_carrier,NA
415,time_2,0.111208241,2,63.5,male,18,non_carrier,NA
415,time_4,0.113835848,4,63.5,male,18,non_carrier,NA
415,time_6,0.111187111,6,63.5,male,18,non_carrier,NA
415,time_8,0.109214307,8,63.5,male,18,non_carrier,NA
416,baseline,0.111767429,0,66.6,female,16,non_carrier,68.9
416,time_2,0.109024281,2,66.6,female,16,non_carrier,68.9
416,time_4,0.113209208,4,66.6,female,16,non_carrier,68.9
416,time_6,0.105000017,6,66.6,female,16,non_carrier,68.9
416,time_8,0.106021985,8,66.6,female,16,non_carrier,68.9
417,baseline,0.109277104,0,68.1,female,16,carrier,72.5
417,time_2,0.10508806,2,68.1,female,16,carrier,72.5
417,time_4,0.105360371,4,68.1,female,16,carrier,72.5
417,time_6,0.105517925,6,68.1,female,16,carrier,72.5
417,time_8,0.10132809,8,68.1,female,16,carrier,72.5
418,baseline,0.11162232,0,64.2,male,12,carrier,NA
418,time_2,NA,2,64.2,male,12,carrier,NA
418,time_4,0.107605532,4,64.2,male,12,carrier,NA
418,time_6,0.103964874,6,64.2,male,12,carrier,NA
418,time_8,0.105055193,8,64.2,male,12,carrier,NA
419,baseline,0.114644146,0,60.7,female,16,carrier,63.8
419,time_2,0.108243592,2,60.7,female,16,carrier,63.8
419,time_4,0.112268963,4,60.7,female,16,carrier,63.8
419,time_6,0.106069914,6,60.7,female,16,carrier,63.8
419,time_8,0.10415295,8,60.7,female,16,carrier,63.8
420,baseline,0.10960311,0,70.1,male,16,non_carrier,NA
420,time_2,0.111670212,2,70.1,male,16,non_carrier,NA
420,time_4,0.107412607,4,70.1,male,16,non_carrier,NA
420,time_6,0.110715141,6,70.1,male,16,non_carrier,NA
420,time_8,NA,8,70.1,male,16,non_carrier,NA
421,baseline,0.113799342,0,69.3,female,16,non_carrier,NA
421,time_2,0.107506943,2,69.3,female,16,non_carrier,NA
421,time_4,0.105009479,4,69.3,female,16,non_carrier,NA
421,time_6,0.111238236,6,69.3,female,16,non_carrier,NA
421,time_8,0.108845336,8,69.3,female,16,non_carrier,NA
422,baseline,0.106676555,0,62.9,female,12,carrier,NA
422,time_2,0.105541532,2,62.9,female,12,carrier,NA
422,time_4,0.107451301,4,62.9,female,12,carrier,NA
422,time_6,0.108318444,6,62.9,female,12,carrier,NA
422,time_8,0.105647539,8,62.9,female,12,carrier,NA
423,baseline,0.108118705,0,64.8,female,16,carrier,70.3
423,time_2,0.107796862,2,64.8,female,16,carrier,70.3
423,time_4,0.107986282,4,64.8,female,16,carrier,70.3
423,time_6,0.103578995,6,64.8,female,16,carrier,70.3
423,time_8,0.11011534,8,64.8,female,16,carrier,70.3
424,baseline,0.107988193,0,59.7,male,18,carrier,62.9
424,time_2,0.10727975,2,59.7,male,18,carrier,62.9
424,time_4,NA,4,59.7,male,18,carrier,62.9
424,time_6,0.107820109,6,59.7,male,18,carrier,62.9
424,time_8,0.107154515,8,59.7,male,18,carrier,62.9
425,baseline,0.111313214,0,66.7,male,16,non_carrier,NA
425,time_2,0.110991653,2,66.7,male,16,non_carrier,NA
425,time_4,0.110098963,4,66.7,male,16,non_carrier,NA
425,time_6,0.111583618,6,66.7,male,16,non_carrier,NA
425,time_8,0.108913147,8,66.7,male,16,non_carrier,NA
426,baseline,0.110310062,0,69.8,male,16,non_carrier,76.8
426,time_2,0.106626194,2,69.8,male,16,non_carrier,76.8
426,time_4,0.105759193,4,69.8,male,16,non_carrier,76.8
426,time_6,0.108039787,6,69.8,male,16,non_carrier,76.8
426,time_8,0.105913739,8,69.8,male,16,non_carrier,76.8
427,baseline,0.110183865,0,60.1,male,12,non_carrier,NA
427,time_2,0.109537729,2,60.1,male,12,non_carrier,NA
427,time_4,0.114423322,4,60.1,male,12,non_carrier,NA
427,time_6,0.11234487,6,60.1,male,12,non_carrier,NA
427,time_8,NA,8,60.1,male,12,non_carrier,NA
428,baseline,0.109593275,0,62.7,male,18,non_carrier,NA
428,time_2,0.111114254,2,62.7,male,18,non_carrier,NA
428,time_4,0.111706224,4,62.7,male,18,non_carrier,NA
428,time_6,0.109712911,6,62.7,male,18,non_carrier,NA
428,time_8,0.110886067,8,62.7,male,18,non_carrier,NA
429,baseline,0.10860544,0,63.1,male,16,carrier,NA
429,time_2,0.112263306,2,63.1,male,16,carrier,NA
429,time_4,0.10961454,4,63.1,male,16,carrier,NA
429,time_6,0.107045634,6,63.1,male,16,carrier,NA
429,time_8,0.108090234,8,63.1,male,16,carrier,NA
430,baseline,0.111110976,0,63,female,20,non_carrier,NA
430,time_2,0.113769421,2,63,female,20,non_carrier,NA
430,time_4,0.113034346,4,63,female,20,non_carrier,NA
430,time_6,NA,6,63,female,20,non_carrier,NA
430,time_8,NA,8,63,female,20,non_carrier,NA
431,baseline,0.117180111,0,58.9,male,16,carrier,61.2
431,time_2,0.110687702,2,58.9,male,16,carrier,61.2
431,time_4,0.107133996,4,58.9,male,16,carrier,61.2
431,time_6,0.10872562,6,58.9,male,16,carrier,61.2
431,time_8,0.106799552,8,58.9,male,16,carrier,61.2
432,baseline,0.10543651,0,66.5,female,16,non_carrier,NA
432,time_2,0.110921688,2,66.5,female,16,non_carrier,NA
432,time_4,NA,4,66.5,female,16,non_carrier,NA
432,time_6,0.108020545,6,66.5,female,16,non_carrier,NA
432,time_8,0.110984951,8,66.5,female,16,non_carrier,NA
433,baseline,0.11095067,0,60.4,male,12,carrier,NA
433,time_2,0.112410406,2,60.4,male,12,carrier,NA
433,time_4,0.109277554,4,60.4,male,12,carrier,NA
433,time_6,0.108903841,6,60.4,male,12,carrier,NA
433,time_8,0.106948706,8,60.4,male,12,carrier,NA
434,baseline,0.114574762,0,64.9,male,16,non_carrier,NA
434,time_2,0.110975001,2,64.9,male,16,non_carrier,NA
434,time_4,0.115847696,4,64.9,male,16,non_carrier,NA
434,time_6,0.109552336,6,64.9,male,16,non_carrier,NA
434,time_8,0.108468762,8,64.9,male,16,non_carrier,NA
435,baseline,0.109042458,0,66.8,female,16,non_carrier,NA
435,time_2,0.110343846,2,66.8,female,16,non_carrier,NA
435,time_4,0.111359897,4,66.8,female,16,non_carrier,NA
435,time_6,0.111916307,6,66.8,female,16,non_carrier,NA
435,time_8,0.109640853,8,66.8,female,16,non_carrier,NA
436,baseline,0.104514207,0,64.4,male,12,carrier,NA
436,time_2,0.110257977,2,64.4,male,12,carrier,NA
436,time_4,0.111416661,4,64.4,male,12,carrier,NA
436,time_6,0.108085945,6,64.4,male,12,carrier,NA
436,time_8,0.10012247,8,64.4,male,12,carrier,NA
437,baseline,0.108135916,0,67.7,female,18,carrier,NA
437,time_2,0.105255451,2,67.7,female,18,carrier,NA
437,time_4,NA,4,67.7,female,18,carrier,NA
437,time_6,0.103392509,6,67.7,female,18,carrier,NA
437,time_8,0.103583169,8,67.7,female,18,carrier,NA
438,baseline,0.111720018,0,64.9,female,16,non_carrier,NA
438,time_2,0.107789231,2,64.9,female,16,non_carrier,NA
438,time_4,0.11042367,4,64.9,female,16,non_carrier,NA
438,time_6,0.108223344,6,64.9,female,16,non_carrier,NA
438,time_8,0.10967436,8,64.9,female,16,non_carrier,NA
439,baseline,0.109270125,0,63.1,female,16,non_carrier,NA
439,time_2,NA,2,63.1,female,16,non_carrier,NA
439,time_4,0.110776789,4,63.1,female,16,non_carrier,NA
439,time_6,0.103173607,6,63.1,female,16,non_carrier,NA
439,time_8,0.107273022,8,63.1,female,16,non_carrier,NA
440,baseline,0.108088699,0,66.9,male,16,carrier,72.3
440,time_2,0.10864704,2,66.9,male,16,carrier,72.3
440,time_4,0.108510511,4,66.9,male,16,carrier,72.3
440,time_6,NA,6,66.9,male,16,carrier,72.3
440,time_8,0.103824334,8,66.9,male,16,carrier,72.3
441,baseline,0.113751765,0,63.7,female,18,non_carrier,NA
441,time_2,NA,2,63.7,female,18,non_carrier,NA
441,time_4,0.109578073,4,63.7,female,18,non_carrier,NA
441,time_6,NA,6,63.7,female,18,non_carrier,NA
441,time_8,0.109615973,8,63.7,female,18,non_carrier,NA
442,baseline,0.107946154,0,70.3,male,18,non_carrier,71.3
442,time_2,0.114161562,2,70.3,male,18,non_carrier,71.3
442,time_4,0.1105537,4,70.3,male,18,non_carrier,71.3
442,time_6,0.106454629,6,70.3,male,18,non_carrier,71.3
442,time_8,0.103088929,8,70.3,male,18,non_carrier,71.3
443,baseline,0.10722303,0,64.9,male,20,carrier,NA
443,time_2,0.108332103,2,64.9,male,20,carrier,NA
443,time_4,0.102615472,4,64.9,male,20,carrier,NA
443,time_6,0.105995796,6,64.9,male,20,carrier,NA
443,time_8,0.10901351,8,64.9,male,20,carrier,NA
444,baseline,0.113098331,0,67.6,female,16,non_carrier,NA
444,time_2,0.109344515,2,67.6,female,16,non_carrier,NA
444,time_4,0.109770461,4,67.6,female,16,non_carrier,NA
444,time_6,0.106564458,6,67.6,female,16,non_carrier,NA
444,time_8,0.106285924,8,67.6,female,16,non_carrier,NA
445,baseline,0.110213517,0,65.6,female,16,non_carrier,NA
445,time_2,0.112164768,2,65.6,female,16,non_carrier,NA
445,time_4,0.111268016,4,65.6,female,16,non_carrier,NA
445,time_6,0.108200866,6,65.6,female,16,non_carrier,NA
445,time_8,0.110846192,8,65.6,female,16,non_carrier,NA
446,baseline,0.106255778,0,56,male,16,carrier,NA
446,time_2,0.110742988,2,56,male,16,carrier,NA
446,time_4,0.113766563,4,56,male,16,carrier,NA
446,time_6,0.113627495,6,56,male,16,carrier,NA
446,time_8,0.111382255,8,56,male,16,carrier,NA
447,baseline,0.114193915,0,60.9,male,16,non_carrier,NA
447,time_2,0.113647613,2,60.9,male,16,non_carrier,NA
447,time_4,0.111391413,4,60.9,male,16,non_carrier,NA
447,time_6,0.109293994,6,60.9,male,16,non_carrier,NA
447,time_8,0.109824567,8,60.9,male,16,non_carrier,NA
448,baseline,0.109258188,0,63.7,male,12,carrier,68.5
448,time_2,0.105841078,2,63.7,male,12,carrier,68.5
448,time_4,0.107747641,4,63.7,male,12,carrier,68.5
448,time_6,NA,6,63.7,male,12,carrier,68.5
448,time_8,0.10382381,8,63.7,male,12,carrier,68.5
449,baseline,0.106108076,0,65.7,male,16,carrier,69.6
449,time_2,0.106946238,2,65.7,male,16,carrier,69.6
449,time_4,0.109820109,4,65.7,male,16,carrier,69.6
449,time_6,NA,6,65.7,male,16,carrier,69.6
449,time_8,0.108115146,8,65.7,male,16,carrier,69.6
450,baseline,0.110871392,0,58,female,16,non_carrier,NA
450,time_2,0.11233316,2,58,female,16,non_carrier,NA
450,time_4,0.110993465,4,58,female,16,non_carrier,NA
450,time_6,0.110439488,6,58,female,16,non_carrier,NA
450,time_8,0.109777692,8,58,female,16,non_carrier,NA
451,baseline,0.103817071,0,67.9,female,16,non_carrier,NA
451,time_2,0.106886333,2,67.9,female,16,non_carrier,NA
451,time_4,0.110564206,4,67.9,female,16,non_carrier,NA
451,time_6,0.111948352,6,67.9,female,16,non_carrier,NA
451,time_8,0.105686326,8,67.9,female,16,non_carrier,NA
452,baseline,0.108803351,0,63.2,male,16,carrier,70.1
452,time_2,NA,2,63.2,male,16,carrier,70.1
452,time_4,0.107040939,4,63.2,male,16,carrier,70.1
452,time_6,0.108567858,6,63.2,male,16,carrier,70.1
452,time_8,0.105120602,8,63.2,male,16,carrier,70.1
453,baseline,0.113857033,0,62.7,male,18,non_carrier,68.6
453,time_2,0.112321772,2,62.7,male,18,non_carrier,68.6
453,time_4,0.108314519,4,62.7,male,18,non_carrier,68.6
453,time_6,0.109028408,6,62.7,male,18,non_carrier,68.6
453,time_8,0.106029713,8,62.7,male,18,non_carrier,68.6
454,baseline,0.107184782,0,60.3,female,16,carrier,NA
454,time_2,0.112458593,2,60.3,female,16,carrier,NA
454,time_4,0.106626914,4,60.3,female,16,carrier,NA
454,time_6,0.106243479,6,60.3,female,16,carrier,NA
454,time_8,0.104957373,8,60.3,female,16,carrier,NA
455,baseline,0.114536385,0,60.6,female,18,non_carrier,NA
455,time_2,0.113694314,2,60.6,female,18,non_carrier,NA
455,time_4,0.114421157,4,60.6,female,18,non_carrier,NA
455,time_6,0.113062703,6,60.6,female,18,non_carrier,NA
455,time_8,0.109135023,8,60.6,female,18,non_carrier,NA
456,baseline,0.113702455,0,65.2,male,16,non_carrier,NA
456,time_2,NA,2,65.2,male,16,non_carrier,NA
456,time_4,0.114616772,4,65.2,male,16,non_carrier,NA
456,time_6,NA,6,65.2,male,16,non_carrier,NA
456,time_8,NA,8,65.2,male,16,non_carrier,NA
457,baseline,0.106417695,0,66.5,female,12,carrier,NA
457,time_2,0.107201293,2,66.5,female,12,carrier,NA
457,time_4,0.108348057,4,66.5,female,12,carrier,NA
457,time_6,0.108864187,6,66.5,female,12,carrier,NA
457,time_8,0.106687822,8,66.5,female,12,carrier,NA
458,baseline,0.11242496,0,58.7,male,16,carrier,NA
458,time_2,0.111832245,2,58.7,male,16,carrier,NA
458,time_4,0.110254455,4,58.7,male,16,carrier,NA
458,time_6,0.108375329,6,58.7,male,16,carrier,NA
458,time_8,0.108762325,8,58.7,male,16,carrier,NA
459,baseline,0.11079733,0,62,male,16,non_carrier,NA
459,time_2,0.111978578,2,62,male,16,non_carrier,NA
459,time_4,0.113613587,4,62,male,16,non_carrier,NA
459,time_6,0.11285406,6,62,male,16,non_carrier,NA
459,time_8,0.109816686,8,62,male,16,non_carrier,NA
460,baseline,0.111177153,0,66.6,female,16,non_carrier,NA
460,time_2,0.109035694,2,66.6,female,16,non_carrier,NA
460,time_4,0.10707184,4,66.6,female,16,non_carrier,NA
460,time_6,NA,6,66.6,female,16,non_carrier,NA
460,time_8,0.103722411,8,66.6,female,16,non_carrier,NA
461,baseline,0.11131826,0,63.6,male,18,non_carrier,NA
461,time_2,0.111722852,2,63.6,male,18,non_carrier,NA
461,time_4,0.110242553,4,63.6,male,18,non_carrier,NA
461,time_6,0.111167073,6,63.6,male,18,non_carrier,NA
461,time_8,0.108521001,8,63.6,male,18,non_carrier,NA
462,baseline,0.113264904,0,71.5,male,16,non_carrier,NA
462,time_2,0.109714173,2,71.5,male,16,non_carrier,NA
462,time_4,0.107209301,4,71.5,male,16,non_carrier,NA
462,time_6,NA,6,71.5,male,16,non_carrier,NA
462,time_8,0.105025549,8,71.5,male,16,non_carrier,NA
463,baseline,0.104653126,0,68.7,female,16,carrier,NA
463,time_2,0.108005891,2,68.7,female,16,carrier,NA
463,time_4,NA,4,68.7,female,16,carrier,NA
463,time_6,0.100516477,6,68.7,female,16,carrier,NA
463,time_8,0.105967832,8,68.7,female,16,carrier,NA
464,baseline,0.113219556,0,66.8,male,20,non_carrier,NA
464,time_2,0.113897597,2,66.8,male,20,non_carrier,NA
464,time_4,0.109726598,4,66.8,male,20,non_carrier,NA
464,time_6,0.111430567,6,66.8,male,20,non_carrier,NA
464,time_8,0.109383737,8,66.8,male,20,non_carrier,NA
465,baseline,0.107501228,0,65,male,16,non_carrier,NA
465,time_2,0.114188362,2,65,male,16,non_carrier,NA
465,time_4,0.109159353,4,65,male,16,non_carrier,NA
465,time_6,0.115900536,6,65,male,16,non_carrier,NA
465,time_8,0.112619995,8,65,male,16,non_carrier,NA
466,baseline,0.115142096,0,65.8,male,18,non_carrier,NA
466,time_2,0.116062053,2,65.8,male,18,non_carrier,NA
466,time_4,0.111334526,4,65.8,male,18,non_carrier,NA
466,time_6,0.109230611,6,65.8,male,18,non_carrier,NA
466,time_8,0.105973147,8,65.8,male,18,non_carrier,NA
467,baseline,0.114514549,0,62.9,male,18,non_carrier,NA
467,time_2,0.11092243,2,62.9,male,18,non_carrier,NA
467,time_4,0.114942874,4,62.9,male,18,non_carrier,NA
467,time_6,NA,6,62.9,male,18,non_carrier,NA
467,time_8,0.109947017,8,62.9,male,18,non_carrier,NA
468,baseline,0.109642837,0,66.9,female,16,carrier,NA
468,time_2,NA,2,66.9,female,16,carrier,NA
468,time_4,0.111914804,4,66.9,female,16,carrier,NA
468,time_6,0.104893822,6,66.9,female,16,carrier,NA
468,time_8,0.105111863,8,66.9,female,16,carrier,NA
469,baseline,0.108393823,0,69.4,female,18,non_carrier,NA
469,time_2,NA,2,69.4,female,18,non_carrier,NA
469,time_4,0.110604278,4,69.4,female,18,non_carrier,NA
469,time_6,0.104722327,6,69.4,female,18,non_carrier,NA
469,time_8,0.107260583,8,69.4,female,18,non_carrier,NA
470,baseline,0.112726926,0,68.3,male,12,non_carrier,NA
470,time_2,0.108474775,2,68.3,male,12,non_carrier,NA
470,time_4,0.112524173,4,68.3,male,12,non_carrier,NA
470,time_6,0.108815306,6,68.3,male,12,non_carrier,NA
470,time_8,0.11100606,8,68.3,male,12,non_carrier,NA
471,baseline,0.111027383,0,62.6,male,16,carrier,68.9
471,time_2,0.106424715,2,62.6,male,16,carrier,68.9
471,time_4,0.111068422,4,62.6,male,16,carrier,68.9
471,time_6,0.107208238,6,62.6,male,16,carrier,68.9
471,time_8,0.110534005,8,62.6,male,16,carrier,68.9
472,baseline,0.111204398,0,60.1,female,12,non_carrier,NA
472,time_2,0.115584445,2,60.1,female,12,non_carrier,NA
472,time_4,0.109258812,4,60.1,female,12,non_carrier,NA
472,time_6,0.112268992,6,60.1,female,12,non_carrier,NA
472,time_8,0.113516834,8,60.1,female,12,non_carrier,NA
473,baseline,0.11055729,0,64.7,female,16,non_carrier,NA
473,time_2,0.110901035,2,64.7,female,16,non_carrier,NA
473,time_4,0.10788113,4,64.7,female,16,non_carrier,NA
473,time_6,0.111750296,6,64.7,female,16,non_carrier,NA
473,time_8,0.110563091,8,64.7,female,16,non_carrier,NA
474,baseline,0.110554761,0,66.3,male,16,non_carrier,NA
474,time_2,0.111891005,2,66.3,male,16,non_carrier,NA
474,time_4,0.114904251,4,66.3,male,16,non_carrier,NA
474,time_6,0.109917734,6,66.3,male,16,non_carrier,NA
474,time_8,0.107265883,8,66.3,male,16,non_carrier,NA
475,baseline,0.113232698,0,69.1,male,16,non_carrier,NA
475,time_2,0.110865707,2,69.1,male,16,non_carrier,NA
475,time_4,0.107566501,4,69.1,male,16,non_carrier,NA
475,time_6,0.10915194,6,69.1,male,16,non_carrier,NA
475,time_8,0.105219974,8,69.1,male,16,non_carrier,NA
476,baseline,0.112312851,0,61,male,16,non_carrier,NA
476,time_2,0.111471394,2,61,male,16,non_carrier,NA
476,time_4,0.112400645,4,61,male,16,non_carrier,NA
476,time_6,0.105352234,6,61,male,16,non_carrier,NA
476,time_8,0.112690811,8,61,male,16,non_carrier,NA
477,baseline,0.112624527,0,66.1,female,18,non_carrier,NA
477,time_2,0.107853728,2,66.1,female,18,non_carrier,NA
477,time_4,0.109543928,4,66.1,female,18,non_carrier,NA
477,time_6,0.108449884,6,66.1,female,18,non_carrier,NA
477,time_8,0.1056868,8,66.1,female,18,non_carrier,NA
478,baseline,0.11201055,0,65.7,male,16,non_carrier,NA
478,time_2,0.115357869,2,65.7,male,16,non_carrier,NA
478,time_4,0.108104159,4,65.7,male,16,non_carrier,NA
478,time_6,0.111896156,6,65.7,male,16,non_carrier,NA
478,time_8,0.110659401,8,65.7,male,16,non_carrier,NA
479,baseline,0.105849802,0,68.6,female,18,non_carrier,NA
479,time_2,0.106460984,2,68.6,female,18,non_carrier,NA
479,time_4,0.110864882,4,68.6,female,18,non_carrier,NA
479,time_6,0.106587438,6,68.6,female,18,non_carrier,NA
479,time_8,0.104918776,8,68.6,female,18,non_carrier,NA
480,baseline,0.115047403,0,64.9,female,20,non_carrier,NA
480,time_2,0.109866698,2,64.9,female,20,non_carrier,NA
480,time_4,0.110644645,4,64.9,female,20,non_carrier,NA
480,time_6,0.108962615,6,64.9,female,20,non_carrier,NA
480,time_8,0.111075379,8,64.9,female,20,non_carrier,NA
481,baseline,0.113442174,0,63.9,male,16,non_carrier,NA
481,time_2,0.112416335,2,63.9,male,16,non_carrier,NA
481,time_4,0.113371917,4,63.9,male,16,non_carrier,NA
481,time_6,0.112762154,6,63.9,male,16,non_carrier,NA
481,time_8,0.110903612,8,63.9,male,16,non_carrier,NA
482,baseline,0.116135142,0,61.6,male,18,non_carrier,NA
482,time_2,0.114311943,2,61.6,male,18,non_carrier,NA
482,time_4,0.113397136,4,61.6,male,18,non_carrier,NA
482,time_6,0.110586042,6,61.6,male,18,non_carrier,NA
482,time_8,0.112990595,8,61.6,male,18,non_carrier,NA
483,baseline,0.108782286,0,63.4,male,16,carrier,NA
483,time_2,0.10723613,2,63.4,male,16,carrier,NA
483,time_4,0.108469817,4,63.4,male,16,carrier,NA
483,time_6,0.107775949,6,63.4,male,16,carrier,NA
483,time_8,0.105178037,8,63.4,male,16,carrier,NA
